timestamp, temperature.gpu, clocks.current.sm [MHz], clocks.current.memory [MHz], power.draw [W], utilization.gpu [%], clocks_event_reasons.active
2026/10/01 01:05:58.929, 75, 1867 MHz, 7301 MHz, 169.77 W, 96 %, 0x0000000000000004
2026/10/01 01:05:59.949, 74, 1882 MHz, 7301 MHz, 127.15 W, 96 %, 0x0000000000000004
2026/10/01 01:06:00.950, 74, 1875 MHz, 7301 MHz, 170.06 W, 96 %, 0x0000000000000004
2026/10/01 01:06:01.950, 75, 1875 MHz, 7301 MHz, 170.02 W, 95 %, 0x0000000000000004
2026/10/01 01:06:02.950, 75, 1882 MHz, 7301 MHz, 169.91 W, 95 %, 0x0000000000000004
2026/10/01 01:06:03.950, 75, 1867 MHz, 7301 MHz, 169.98 W, 96 %, 0x0000000000000004
2026/10/01 01:06:04.950, 75, 1867 MHz, 7301 MHz, 170.01 W, 96 %, 0x0000000000000004
2026/10/01 01:06:05.950, 75, 1867 MHz, 7301 MHz, 170.01 W, 96 %, 0x0000000000000004
2026/10/01 01:06:06.950, 75, 1867 MHz, 7301 MHz, 169.78 W, 96 %, 0x0000000000000004
2026/10/01 01:06:07.950, 75, 1867 MHz, 7301 MHz, 169.92 W, 96 %, 0x0000000000000004
2026/10/01 01:06:08.950, 75, 1867 MHz, 7301 MHz, 169.86 W, 96 %, 0x0000000000000004
2026/10/01 01:06:09.950, 74, 1920 MHz, 7301 MHz, 164.14 W, 100 %, 0x0000000000000004
2026/10/01 01:06:10.951, 75, 1912 MHz, 7301 MHz, 169.47 W, 100 %, 0x0000000000000004
2026/10/01 01:06:11.951, 75, 1912 MHz, 7301 MHz, 169.46 W, 100 %, 0x0000000000000004
2026/10/01 01:06:12.951, 75, 1912 MHz, 7301 MHz, 169.42 W, 100 %, 0x0000000000000004
2026/10/01 01:06:13.951, 75, 1920 MHz, 7301 MHz, 169.49 W, 100 %, 0x0000000000000004
2026/10/01 01:06:14.951, 75, 1912 MHz, 7301 MHz, 169.35 W, 100 %, 0x0000000000000004
2026/10/01 01:06:15.951, 75, 1912 MHz, 7301 MHz, 169.38 W, 100 %, 0x0000000000000004
2026/10/01 01:06:16.951, 75, 1912 MHz, 7301 MHz, 169.38 W, 100 %, 0x0000000000000004
2026/10/01 01:06:17.951, 75, 1912 MHz, 7301 MHz, 169.44 W, 100 %, 0x0000000000000004
2026/10/01 01:06:18.951, 75, 1912 MHz, 7301 MHz, 169.48 W, 100 %, 0x0000000000000004
2026/10/01 01:06:19.952, 75, 1912 MHz, 7301 MHz, 169.36 W, 100 %, 0x0000000000000004
2026/10/01 01:06:20.952, 75, 1912 MHz, 7301 MHz, 169.42 W, 100 %, 0x0000000000000004
2026/10/01 01:06:21.952, 76, 1912 MHz, 7301 MHz, 169.48 W, 100 %, 0x0000000000000004
2026/10/01 01:06:22.952, 76, 1912 MHz, 7301 MHz, 169.44 W, 100 %, 0x0000000000000004
2026/10/01 01:06:23.952, 76, 1912 MHz, 7301 MHz, 169.46 W, 100 %, 0x0000000000000004
2026/10/01 01:06:24.952, 76, 1912 MHz, 7301 MHz, 169.37 W, 100 %, 0x0000000000000004
2026/10/01 01:06:25.952, 76, 1912 MHz, 7301 MHz, 169.41 W, 100 %, 0x0000000000000004
2026/10/01 01:06:26.952, 76, 1912 MHz, 7301 MHz, 169.42 W, 100 %, 0x0000000000000004
2026/10/01 01:06:27.952, 76, 1912 MHz, 7301 MHz, 169.38 W, 100 %, 0x0000000000000004
2026/10/01 01:06:28.953, 76, 1912 MHz, 7301 MHz, 169.43 W, 100 %, 0x0000000000000004
2026/10/01 01:06:29.953, 76, 1912 MHz, 7301 MHz, 169.39 W, 100 %, 0x0000000000000004
2026/10/01 01:06:30.953, 76, 1912 MHz, 7301 MHz, 169.44 W, 100 %, 0x0000000000000004
2026/10/01 01:06:31.953, 76, 1912 MHz, 7301 MHz, 169.45 W, 100 %, 0x0000000000000004
2026/10/01 01:06:32.953, 76, 1912 MHz, 7301 MHz, 169.38 W, 100 %, 0x0000000000000004
2026/10/01 01:06:33.953, 76, 1912 MHz, 7301 MHz, 169.46 W, 100 %, 0x0000000000000004
2026/10/01 01:06:34.953, 76, 1912 MHz, 7301 MHz, 169.45 W, 100 %, 0x0000000000000004
2026/10/01 01:06:35.953, 76, 1912 MHz, 7301 MHz, 169.38 W, 100 %, 0x0000000000000004
2026/10/01 01:06:36.953, 76, 1912 MHz, 7301 MHz, 169.41 W, 100 %, 0x0000000000000004
2026/10/01 01:06:37.954, 76, 1912 MHz, 7301 MHz, 169.51 W, 100 %, 0x0000000000000004
2026/10/01 01:06:38.954, 76, 1912 MHz, 7301 MHz, 169.46 W, 100 %, 0x0000000000000004
2026/10/01 01:06:39.954, 76, 1912 MHz, 7301 MHz, 169.42 W, 100 %, 0x0000000000000004
2026/10/01 01:06:40.954, 76, 1912 MHz, 7301 MHz, 169.46 W, 100 %, 0x0000000000000004
2026/10/01 01:06:41.954, 76, 1912 MHz, 7301 MHz, 169.40 W, 100 %, 0x0000000000000004
2026/10/01 01:06:42.954, 76, 1912 MHz, 7301 MHz, 169.46 W, 100 %, 0x0000000000000004
2026/10/01 01:06:43.954, 76, 1912 MHz, 7301 MHz, 169.32 W, 100 %, 0x0000000000000004
2026/10/01 01:06:44.954, 76, 1912 MHz, 7301 MHz, 169.24 W, 100 %, 0x0000000000000004
2026/10/01 01:06:45.954, 76, 1912 MHz, 7301 MHz, 169.31 W, 100 %, 0x0000000000000004
2026/10/01 01:06:46.955, 76, 1912 MHz, 7301 MHz, 169.37 W, 100 %, 0x0000000000000004
2026/10/01 01:06:47.955, 76, 1912 MHz, 7301 MHz, 169.46 W, 100 %, 0x0000000000000004
2026/10/01 01:06:48.955, 76, 1912 MHz, 7301 MHz, 169.39 W, 100 %, 0x0000000000000004
2026/10/01 01:06:49.955, 76, 1912 MHz, 7301 MHz, 169.42 W, 100 %, 0x0000000000000004
2026/10/01 01:06:50.955, 76, 1912 MHz, 7301 MHz, 169.49 W, 100 %, 0x0000000000000004
2026/10/01 01:06:51.955, 76, 1912 MHz, 7301 MHz, 169.42 W, 100 %, 0x0000000000000004
2026/10/01 01:06:52.955, 76, 1912 MHz, 7301 MHz, 169.41 W, 100 %, 0x0000000000000004
2026/10/01 01:06:53.955, 76, 1912 MHz, 7301 MHz, 169.45 W, 100 %, 0x0000000000000004
2026/10/01 01:06:54.955, 76, 1912 MHz, 7301 MHz, 169.43 W, 100 %, 0x0000000000000004
2026/10/01 01:06:55.955, 76, 1912 MHz, 7301 MHz, 169.38 W, 100 %, 0x0000000000000004
2026/10/01 01:06:56.956, 76, 1912 MHz, 7301 MHz, 169.47 W, 100 %, 0x0000000000000004
2026/10/01 01:06:57.956, 76, 1912 MHz, 7301 MHz, 169.38 W, 100 %, 0x0000000000000004
2026/10/01 01:06:58.956, 76, 1912 MHz, 7301 MHz, 169.38 W, 100 %, 0x0000000000000004
2026/10/01 01:06:59.956, 76, 1912 MHz, 7301 MHz, 169.50 W, 100 %, 0x0000000000000004
2026/10/01 01:07:00.956, 76, 1912 MHz, 7301 MHz, 169.45 W, 100 %, 0x0000000000000004
2026/10/01 01:07:01.956, 76, 1912 MHz, 7301 MHz, 169.51 W, 100 %, 0x0000000000000004
2026/10/01 01:07:02.956, 76, 1912 MHz, 7301 MHz, 169.30 W, 100 %, 0x0000000000000004
2026/10/01 01:07:03.956, 76, 1912 MHz, 7301 MHz, 169.38 W, 100 %, 0x0000000000000004
2026/10/01 01:07:04.956, 76, 1912 MHz, 7301 MHz, 169.46 W, 100 %, 0x0000000000000004
2026/10/01 01:07:05.957, 76, 1912 MHz, 7301 MHz, 169.40 W, 100 %, 0x0000000000000004
2026/10/01 01:07:06.957, 76, 1912 MHz, 7301 MHz, 169.33 W, 100 %, 0x0000000000000004
2026/10/01 01:07:07.957, 76, 1912 MHz, 7301 MHz, 169.41 W, 100 %, 0x0000000000000004
2026/10/01 01:07:08.957, 76, 1912 MHz, 7301 MHz, 169.38 W, 100 %, 0x0000000000000004
2026/10/01 01:07:09.957, 76, 1912 MHz, 7301 MHz, 169.51 W, 100 %, 0x0000000000000004
2026/10/01 01:07:10.957, 76, 1912 MHz, 7301 MHz, 169.39 W, 100 %, 0x0000000000000004
2026/10/01 01:07:11.957, 76, 1912 MHz, 7301 MHz, 169.26 W, 100 %, 0x0000000000000004
2026/10/01 01:07:12.957, 76, 1912 MHz, 7301 MHz, 169.37 W, 100 %, 0x0000000000000004
2026/10/01 01:07:13.957, 76, 1912 MHz, 7301 MHz, 169.47 W, 100 %, 0x0000000000000004
2026/10/01 01:07:14.958, 76, 1912 MHz, 7301 MHz, 169.26 W, 100 %, 0x0000000000000004
2026/10/01 01:07:15.958, 76, 1912 MHz, 7301 MHz, 169.25 W, 100 %, 0x0000000000000004
2026/10/01 01:07:16.958, 76, 1912 MHz, 7301 MHz, 169.43 W, 100 %, 0x0000000000000004
2026/10/01 01:07:17.958, 76, 1912 MHz, 7301 MHz, 169.45 W, 100 %, 0x0000000000000004
2026/10/01 01:07:18.958, 76, 1912 MHz, 7301 MHz, 169.37 W, 100 %, 0x0000000000000004
2026/10/01 01:07:19.958, 76, 1920 MHz, 7301 MHz, 169.53 W, 100 %, 0x0000000000000004
2026/10/01 01:07:20.958, 76, 1912 MHz, 7301 MHz, 169.53 W, 100 %, 0x0000000000000004
2026/10/01 01:07:21.958, 76, 1912 MHz, 7301 MHz, 169.37 W, 100 %, 0x0000000000000004
2026/10/01 01:07:22.958, 76, 1912 MHz, 7301 MHz, 169.32 W, 100 %, 0x0000000000000004
2026/10/01 01:07:23.959, 76, 1912 MHz, 7301 MHz, 169.46 W, 100 %, 0x0000000000000004
2026/10/01 01:07:24.959, 76, 1912 MHz, 7301 MHz, 169.34 W, 100 %, 0x0000000000000004
2026/10/01 01:07:25.959, 76, 1912 MHz, 7301 MHz, 169.17 W, 100 %, 0x0000000000000004
2026/10/01 01:07:26.959, 76, 1912 MHz, 7301 MHz, 169.39 W, 100 %, 0x0000000000000004
2026/10/01 01:07:27.959, 76, 1912 MHz, 7301 MHz, 169.50 W, 100 %, 0x0000000000000004
2026/10/01 01:07:28.959, 76, 1912 MHz, 7301 MHz, 169.41 W, 100 %, 0x0000000000000004
2026/10/01 01:07:29.959, 76, 1912 MHz, 7301 MHz, 169.34 W, 100 %, 0x0000000000000004
2026/10/01 01:07:30.959, 76, 1912 MHz, 7301 MHz, 169.50 W, 100 %, 0x0000000000000004
2026/10/01 01:07:31.959, 76, 1912 MHz, 7301 MHz, 169.49 W, 100 %, 0x0000000000000004
2026/10/01 01:07:32.959, 76, 1912 MHz, 7301 MHz, 169.42 W, 100 %, 0x0000000000000004
2026/10/01 01:07:33.960, 76, 1912 MHz, 7301 MHz, 169.44 W, 100 %, 0x0000000000000004
2026/10/01 01:07:34.960, 76, 1912 MHz, 7301 MHz, 169.32 W, 100 %, 0x0000000000000004
2026/10/01 01:07:35.960, 76, 1912 MHz, 7301 MHz, 169.21 W, 100 %, 0x0000000000000004
2026/10/01 01:07:36.960, 76, 1912 MHz, 7301 MHz, 169.42 W, 100 %, 0x0000000000000004
2026/10/01 01:07:37.960, 76, 1912 MHz, 7301 MHz, 169.44 W, 100 %, 0x0000000000000004
2026/10/01 01:07:38.960, 76, 1912 MHz, 7301 MHz, 169.42 W, 100 %, 0x0000000000000004
2026/10/01 01:07:39.960, 76, 1912 MHz, 7301 MHz, 169.56 W, 100 %, 0x0000000000000004
2026/10/01 01:07:40.960, 76, 1912 MHz, 7301 MHz, 169.34 W, 100 %, 0x0000000000000004
2026/10/01 01:07:41.960, 76, 1912 MHz, 7301 MHz, 169.37 W, 100 %, 0x0000000000000004
2026/10/01 01:07:42.961, 76, 1912 MHz, 7301 MHz, 169.45 W, 100 %, 0x0000000000000004
2026/10/01 01:07:43.961, 76, 1912 MHz, 7301 MHz, 169.46 W, 100 %, 0x0000000000000004
2026/10/01 01:07:44.961, 76, 1912 MHz, 7301 MHz, 169.46 W, 100 %, 0x0000000000000004
2026/10/01 01:07:45.961, 76, 1912 MHz, 7301 MHz, 169.43 W, 100 %, 0x0000000000000004
2026/10/01 01:07:46.961, 76, 1912 MHz, 7301 MHz, 169.41 W, 100 %, 0x0000000000000004
2026/10/01 01:07:47.961, 76, 1912 MHz, 7301 MHz, 169.35 W, 100 %, 0x0000000000000004
2026/10/01 01:07:48.961, 76, 1912 MHz, 7301 MHz, 169.43 W, 100 %, 0x0000000000000004
2026/10/01 01:07:49.961, 76, 1912 MHz, 7301 MHz, 169.42 W, 100 %, 0x0000000000000004
2026/10/01 01:07:50.961, 76, 1912 MHz, 7301 MHz, 169.48 W, 100 %, 0x0000000000000004
2026/10/01 01:07:51.961, 76, 1912 MHz, 7301 MHz, 169.48 W, 100 %, 0x0000000000000004
2026/10/01 01:07:52.962, 76, 1912 MHz, 7301 MHz, 169.40 W, 100 %, 0x0000000000000004
2026/10/01 01:07:53.962, 76, 1912 MHz, 7301 MHz, 169.36 W, 100 %, 0x0000000000000004
2026/10/01 01:07:54.962, 76, 1912 MHz, 7301 MHz, 169.38 W, 100 %, 0x0000000000000004
2026/10/01 01:07:55.962, 76, 1912 MHz, 7301 MHz, 169.43 W, 100 %, 0x0000000000000004
2026/10/01 01:07:56.962, 76, 1912 MHz, 7301 MHz, 169.38 W, 100 %, 0x0000000000000004
2026/10/01 01:07:57.962, 76, 1912 MHz, 7301 MHz, 169.38 W, 100 %, 0x0000000000000004
2026/10/01 01:07:58.962, 76, 1912 MHz, 7301 MHz, 169.28 W, 100 %, 0x0000000000000004
2026/10/01 01:07:59.962, 76, 1912 MHz, 7301 MHz, 169.36 W, 100 %, 0x0000000000000004
2026/10/01 01:08:00.962, 76, 1912 MHz, 7301 MHz, 169.52 W, 100 %, 0x0000000000000004
2026/10/01 01:08:01.962, 76, 1912 MHz, 7301 MHz, 169.39 W, 100 %, 0x0000000000000004
2026/10/01 01:08:02.962, 76, 1912 MHz, 7301 MHz, 169.20 W, 100 %, 0x0000000000000004
2026/10/01 01:08:03.963, 76, 1912 MHz, 7301 MHz, 169.22 W, 100 %, 0x0000000000000004
2026/10/01 01:08:04.963, 76, 1912 MHz, 7301 MHz, 169.39 W, 100 %, 0x0000000000000004
2026/10/01 01:08:05.963, 76, 1912 MHz, 7301 MHz, 169.49 W, 100 %, 0x0000000000000004
2026/10/01 01:08:06.963, 76, 1912 MHz, 7301 MHz, 169.61 W, 100 %, 0x0000000000000004
2026/10/01 01:08:07.963, 76, 1912 MHz, 7301 MHz, 169.49 W, 100 %, 0x0000000000000004
2026/10/01 01:08:08.963, 76, 1912 MHz, 7301 MHz, 169.33 W, 100 %, 0x0000000000000004
2026/10/01 01:08:09.963, 76, 1912 MHz, 7301 MHz, 169.27 W, 100 %, 0x0000000000000004
2026/10/01 01:08:10.963, 76, 1912 MHz, 7301 MHz, 169.46 W, 100 %, 0x0000000000000004
2026/10/01 01:08:11.963, 76, 1912 MHz, 7301 MHz, 169.54 W, 100 %, 0x0000000000000004
2026/10/01 01:08:12.963, 76, 1912 MHz, 7301 MHz, 169.48 W, 100 %, 0x0000000000000004
2026/10/01 01:08:13.963, 76, 1912 MHz, 7301 MHz, 169.43 W, 100 %, 0x0000000000000004
2026/10/01 01:08:14.963, 76, 1912 MHz, 7301 MHz, 169.48 W, 100 %, 0x0000000000000004
2026/10/01 01:08:15.964, 76, 1912 MHz, 7301 MHz, 169.39 W, 100 %, 0x0000000000000004
2026/10/01 01:08:16.964, 76, 1912 MHz, 7301 MHz, 169.41 W, 100 %, 0x0000000000000004
2026/10/01 01:08:17.964, 76, 1912 MHz, 7301 MHz, 169.35 W, 100 %, 0x0000000000000004
2026/10/01 01:08:18.964, 76, 1912 MHz, 7301 MHz, 169.26 W, 100 %, 0x0000000000000004
2026/10/01 01:08:19.964, 76, 1912 MHz, 7301 MHz, 169.36 W, 100 %, 0x0000000000000004
2026/10/01 01:08:20.964, 76, 1912 MHz, 7301 MHz, 169.57 W, 100 %, 0x0000000000000004
2026/10/01 01:08:21.964, 76, 1912 MHz, 7301 MHz, 169.44 W, 100 %, 0x0000000000000004
2026/10/01 01:08:22.964, 76, 1912 MHz, 7301 MHz, 169.38 W, 100 %, 0x0000000000000004
2026/10/01 01:08:23.964, 76, 1912 MHz, 7301 MHz, 169.29 W, 100 %, 0x0000000000000004
2026/10/01 01:08:24.964, 76, 1912 MHz, 7301 MHz, 169.24 W, 100 %, 0x0000000000000004
2026/10/01 01:08:25.964, 76, 1912 MHz, 7301 MHz, 169.36 W, 100 %, 0x0000000000000004
2026/10/01 01:08:26.964, 76, 1912 MHz, 7301 MHz, 169.45 W, 100 %, 0x0000000000000004
2026/10/01 01:08:27.965, 76, 1912 MHz, 7301 MHz, 169.41 W, 100 %, 0x0000000000000004
2026/10/01 01:08:28.965, 76, 1912 MHz, 7301 MHz, 169.37 W, 100 %, 0x0000000000000004
2026/10/01 01:08:29.965, 76, 1912 MHz, 7301 MHz, 169.45 W, 100 %, 0x0000000000000004
2026/10/01 01:08:30.965, 76, 1912 MHz, 7301 MHz, 169.52 W, 100 %, 0x0000000000000004
2026/10/01 01:08:31.965, 76, 1912 MHz, 7301 MHz, 169.47 W, 100 %, 0x0000000000000004
2026/10/01 01:08:32.965, 76, 1912 MHz, 7301 MHz, 169.40 W, 100 %, 0x0000000000000004
2026/10/01 01:08:33.965, 76, 1912 MHz, 7301 MHz, 169.40 W, 100 %, 0x0000000000000004
2026/10/01 01:08:34.965, 76, 1912 MHz, 7301 MHz, 169.32 W, 100 %, 0x0000000000000004
2026/10/01 01:08:35.965, 76, 1912 MHz, 7301 MHz, 169.60 W, 100 %, 0x0000000000000004
2026/10/01 01:08:36.965, 76, 1912 MHz, 7301 MHz, 169.52 W, 100 %, 0x0000000000000004
2026/10/01 01:08:37.965, 76, 1912 MHz, 7301 MHz, 169.48 W, 100 %, 0x0000000000000004
2026/10/01 01:08:38.965, 76, 1912 MHz, 7301 MHz, 169.35 W, 100 %, 0x0000000000000004
2026/10/01 01:08:39.966, 76, 1912 MHz, 7301 MHz, 169.31 W, 100 %, 0x0000000000000004
2026/10/01 01:08:40.966, 76, 1912 MHz, 7301 MHz, 169.37 W, 100 %, 0x0000000000000004
2026/10/01 01:08:41.966, 76, 1912 MHz, 7301 MHz, 169.42 W, 100 %, 0x0000000000000004
2026/10/01 01:08:42.966, 76, 1912 MHz, 7301 MHz, 169.48 W, 100 %, 0x0000000000000004
2026/10/01 01:08:43.966, 76, 1912 MHz, 7301 MHz, 169.53 W, 100 %, 0x0000000000000004
2026/10/01 01:08:44.966, 76, 1912 MHz, 7301 MHz, 169.36 W, 100 %, 0x0000000000000004
2026/10/01 01:08:45.966, 76, 1912 MHz, 7301 MHz, 169.29 W, 100 %, 0x0000000000000004
2026/10/01 01:08:46.966, 76, 1912 MHz, 7301 MHz, 169.18 W, 100 %, 0x0000000000000004
2026/10/01 01:08:47.966, 76, 1912 MHz, 7301 MHz, 169.31 W, 100 %, 0x0000000000000004
2026/10/01 01:08:48.966, 76, 1912 MHz, 7301 MHz, 169.46 W, 100 %, 0x0000000000000004
2026/10/01 01:08:49.966, 76, 1912 MHz, 7301 MHz, 169.48 W, 100 %, 0x0000000000000004
2026/10/01 01:08:50.966, 76, 1912 MHz, 7301 MHz, 169.49 W, 100 %, 0x0000000000000004
2026/10/01 01:08:51.966, 76, 1912 MHz, 7301 MHz, 169.40 W, 100 %, 0x0000000000000004
2026/10/01 01:08:52.967, 76, 1912 MHz, 7301 MHz, 169.29 W, 100 %, 0x0000000000000004
2026/10/01 01:08:53.967, 76, 1912 MHz, 7301 MHz, 169.41 W, 100 %, 0x0000000000000004
2026/10/01 01:08:54.967, 76, 1912 MHz, 7301 MHz, 169.54 W, 100 %, 0x0000000000000004
2026/10/01 01:08:55.967, 76, 1912 MHz, 7301 MHz, 169.36 W, 100 %, 0x0000000000000004
2026/10/01 01:08:56.967, 76, 1912 MHz, 7301 MHz, 169.27 W, 100 %, 0x0000000000000004
2026/10/01 01:08:57.967, 76, 1912 MHz, 7301 MHz, 169.23 W, 100 %, 0x0000000000000004
2026/10/01 01:08:58.967, 76, 1912 MHz, 7301 MHz, 169.25 W, 100 %, 0x0000000000000004
2026/10/01 01:08:59.967, 76, 1912 MHz, 7301 MHz, 169.40 W, 100 %, 0x0000000000000004
2026/10/01 01:09:00.967, 76, 1912 MHz, 7301 MHz, 169.60 W, 100 %, 0x0000000000000004
