memory [MHz], graphics [MHz]
1215 MHz, 1410 MHz
1215 MHz, 1395 MHz
1215 MHz, 1380 MHz
1215 MHz, 1365 MHz
1215 MHz, 1350 MHz
1215 MHz, 1335 MHz
1215 MHz, 1320 MHz
1215 MHz, 1305 MHz
1215 MHz, 1290 MHz
1215 MHz, 1275 MHz
1215 MHz, 1260 MHz
1215 MHz, 1245 MHz
1215 MHz, 1230 MHz
1215 MHz, 1215 MHz
1215 MHz, 1200 MHz
1215 MHz, 1185 MHz
1215 MHz, 1170 MHz
1215 MHz, 1155 MHz
1215 MHz, 1140 MHz
1215 MHz, 1125 MHz
1215 MHz, 1110 MHz
1215 MHz, 1095 MHz
1215 MHz, 1080 MHz
1215 MHz, 1065 MHz
1215 MHz, 1050 MHz
1215 MHz, 1035 MHz
1215 MHz, 1020 MHz
1215 MHz, 1005 MHz
1215 MHz, 990 MHz
1215 MHz, 975 MHz
1215 MHz, 960 MHz
1215 MHz, 945 MHz
1215 MHz, 930 MHz
1215 MHz, 915 MHz
1215 MHz, 900 MHz
1215 MHz, 885 MHz
1215 MHz, 870 MHz
1215 MHz, 855 MHz
1215 MHz, 840 MHz
1215 MHz, 825 MHz
1215 MHz, 810 MHz
1215 MHz, 795 MHz
1215 MHz, 780 MHz
1215 MHz, 765 MHz
1215 MHz, 750 MHz
1215 MHz, 735 MHz
1215 MHz, 720 MHz
1215 MHz, 705 MHz
1215 MHz, 690 MHz
1215 MHz, 675 MHz
1215 MHz, 660 MHz
1215 MHz, 645 MHz
1215 MHz, 630 MHz
1215 MHz, 615 MHz
1215 MHz, 600 MHz
1215 MHz, 585 MHz
1215 MHz, 570 MHz
1215 MHz, 555 MHz
1215 MHz, 540 MHz
1215 MHz, 525 MHz
1215 MHz, 510 MHz
1215 MHz, 495 MHz
1215 MHz, 480 MHz
1215 MHz, 465 MHz
1215 MHz, 450 MHz
1215 MHz, 435 MHz
1215 MHz, 420 MHz
1215 MHz, 405 MHz
1215 MHz, 390 MHz
1215 MHz, 375 MHz
1215 MHz, 360 MHz
1215 MHz, 345 MHz
1215 MHz, 330 MHz
1215 MHz, 315 MHz
1215 MHz, 300 MHz
1215 MHz, 285 MHz
1215 MHz, 270 MHz
1215 MHz, 255 MHz
1215 MHz, 240 MHz
1215 MHz, 225 MHz
1215 MHz, 210 MHz
