1	1	1	gpu	gpu	t01_p1_gpu_alone
2	1	2	cpu	cpu	t01_p2_cpu_alone
3	1	3	cpu_keepalive	cpu	t01_p3_cpu_keepalive_alone
4	2	1	gpu	gpu	t02_p1_gpu_alone
5	2	2	cpu_keepalive	cpu	t02_p2_cpu_keepalive_alone
6	2	3	cpu	cpu	t02_p3_cpu_alone
7	3	1	cpu	cpu	t03_p1_cpu_alone
8	3	2	cpu_keepalive	cpu	t03_p2_cpu_keepalive_alone
9	3	3	gpu	gpu	t03_p3_gpu_alone
10	4	1	cpu_keepalive	cpu	t04_p1_cpu_keepalive_alone
11	4	2	gpu	gpu	t04_p2_gpu_alone
12	4	3	cpu	cpu	t04_p3_cpu_alone
13	5	1	cpu_keepalive	cpu	t05_p1_cpu_keepalive_alone
14	5	2	cpu	cpu	t05_p2_cpu_alone
15	5	3	gpu	gpu	t05_p3_gpu_alone
16	6	1	cpu	cpu	t06_p1_cpu_alone
17	6	2	gpu	gpu	t06_p2_gpu_alone
18	6	3	cpu_keepalive	cpu	t06_p3_cpu_keepalive_alone
