condition,mode,metric,n_trials,min,median,max,mean
alone,cpu,miss_percentage,6,0.0,0.0,0.0,0.0
alone,cpu,p99_start_us,6,12.557,13.3875,15.448,13.516666666666666
alone,cpu,p99_phy_us,6,185.344,185.344,185.344,185.34399999999997
alone,cpu,p99_completion_us,6,196.335,196.7755,197.702,196.8415
alone,cpu,executed,6,5000,5000.0,5000,5000.0
alone,cpu,skipped,6,0,0.0,0,0.0
alone,cpu,executed_late,6,0,0.0,0,0.0
alone,cpu,on_time,6,5000,5000.0,5000,5000.0
alone,gpu,miss_percentage,6,0.0,0.0,0.0,0.0
alone,gpu,p99_start_us,6,4.609,4.6845,4.883,4.7255
alone,gpu,p99_phy_us,6,142.336,144.384,144.384,144.04266666666666
alone,gpu,p99_completion_us,6,146.021,147.887,148.243,147.59966666666665
alone,gpu,executed,6,5000,5000.0,5000,5000.0
alone,gpu,skipped,6,0,0.0,0,0.0
alone,gpu,executed_late,6,0,0.0,0,0.0
alone,gpu,on_time,6,5000,5000.0,5000,5000.0
proc_sgemm,cpu,miss_percentage,6,99.96,100.0,100.0,99.99000000000001
proc_sgemm,cpu,p99_start_us,6,2472.224,2476.155,2478.308,2475.5045
proc_sgemm,cpu,p99_phy_us,6,162.816,163.84,163.84,163.49866666666665
proc_sgemm,cpu,p99_completion_us,6,2632.109,2636.9825,2639.087,2636.206333333333
proc_sgemm,cpu,executed,6,1042,1043.0,1044,1043.0
proc_sgemm,cpu,skipped,6,3956,3957.0,3958,3957.0
proc_sgemm,cpu,executed_late,6,1042,1042.5,1043,1042.5
proc_sgemm,cpu,on_time,6,0,0.0,2,0.5
proc_sgemm,gpu,miss_percentage,6,59.14,59.32,59.36,59.27333333333333
proc_sgemm,gpu,p99_start_us,6,2473.282,2475.7039999999997,2476.886,2475.342666666667
proc_sgemm,gpu,p99_phy_us,6,2695.168,2697.728,2699.264,2697.3866666666668
proc_sgemm,gpu,p99_completion_us,6,2699.768,2701.7335000000003,2703.103,2701.481166666667
proc_sgemm,gpu,executed,6,2609,2611.0,2620,2613.3333333333335
proc_sgemm,gpu,skipped,6,2380,2389.0,2391,2386.6666666666665
proc_sgemm,gpu,executed_late,6,577,577.0,577,577.0
proc_sgemm,gpu,on_time,6,2032,2034.0,2043,2036.3333333333333
mps_sgemm,cpu,miss_percentage,6,51.18,52.21,53.5,52.199999999999996
mps_sgemm,cpu,p99_start_us,6,15.908,16.316000000000003,16.872,16.362333333333336
mps_sgemm,cpu,p99_phy_us,6,1513.472,1555.9679999999998,1585.152,1550.6773333333333
mps_sgemm,cpu,p99_completion_us,6,1524.201,1567.9499999999998,1596.829,1562.3103333333331
mps_sgemm,cpu,executed,6,3496,3523.0,3579,3528.5
mps_sgemm,cpu,skipped,6,1421,1477.0,1504,1471.5
mps_sgemm,cpu,executed_late,6,1118,1137.5,1171,1138.5
mps_sgemm,cpu,on_time,6,2325,2389.5,2441,2390.0
mps_sgemm,gpu,miss_percentage,6,50.6,51.24,52.14,51.31666666666666
mps_sgemm,gpu,p99_start_us,6,15.668,17.698,18.858,17.555333333333333
mps_sgemm,gpu,p99_phy_us,6,1451.008,1534.464,1570.816,1528.6613333333335
mps_sgemm,gpu,p99_completion_us,6,1457.882,1540.8235,1576.981,1534.8774999999998
mps_sgemm,gpu,executed,6,3538,3555.0,3598,3564.0
mps_sgemm,gpu,skipped,6,1402,1445.0,1462,1436.0
mps_sgemm,gpu,executed_late,6,1112,1130.5,1145,1129.8333333333333
mps_sgemm,gpu,on_time,6,2393,2438.0,2470,2434.1666666666665
