condition,pair_index,valid,order,miss_percentage,p99_start_us,p99_phy_us,p99_completion_us,executed,skipped,executed_late,on_time,errors
alone,1,True,CPU then GPU,0.0,-10.565000000000001,-40.96000000000001,-49.459,0,0,0,0,
alone,2,True,GPU then CPU,0.0,-8.758000000000001,-40.96000000000001,-48.84699999999998,0,0,0,0,
alone,3,True,CPU then GPU,0.0,-7.841,-40.96000000000001,-48.906000000000006,0,0,0,0,
alone,4,True,CPU then GPU,0.0,-8.638,-40.96000000000001,-48.40300000000002,0,0,0,0,
alone,5,True,GPU then CPU,0.0,-8.875,-43.00799999999998,-50.45000000000002,0,0,0,0,
alone,6,True,GPU then CPU,0.0,-8.07,-40.96000000000001,-49.385999999999996,0,0,0,0,
proc_sgemm,1,True,GPU then CPU,-40.82000000000001,0.3200000000001637,2532.3520000000003,62.764000000000124,1576,-1576,-465,2041,
proc_sgemm,2,True,CPU then GPU,-40.599999999999994,0.004999999999654392,2535.424,66.14200000000028,1565,-1565,-465,2030,
proc_sgemm,3,True,GPU then CPU,-40.86,0.4980000000000473,2533.3759999999997,66.45800000000008,1577,-1577,-466,2043,
proc_sgemm,4,True,CPU then GPU,-40.66,-5.02599999999984,2534.3999999999996,62.94200000000001,1567,-1567,-466,2033,
proc_sgemm,5,True,GPU then CPU,-40.7,4.138999999999669,2532.352,68.0630000000001,1569,-1569,-466,2035,
proc_sgemm,6,True,CPU then GPU,-40.66,-0.9070000000001528,2535.424,65.27999999999975,1568,-1568,-465,2033,
mps_sgemm,1,True,GPU then CPU,-1.6999999999999957,-0.2959999999999994,-108.54399999999987,-113.5909999999999,89,-89,4,85,
mps_sgemm,2,True,GPU then CPU,-0.46000000000000085,2.343,40.960000000000036,35.13499999999999,13,-13,-10,23,
mps_sgemm,3,True,CPU then GPU,-1.7000000000000028,-0.2400000000000002,-66.55999999999995,-72.89200000000005,57,-57,-28,85,
mps_sgemm,4,True,CPU then GPU,-0.5799999999999983,2.7169999999999987,-18.432000000000016,-24.44399999999996,37,-37,8,29,
mps_sgemm,5,True,GPU then CPU,-0.5799999999999983,0.5849999999999973,21.504000000000133,17.462999999999965,9,-9,-20,29,
mps_sgemm,6,True,CPU then GPU,-0.28000000000000114,2.0489999999999995,-1.0239999999998872,-6.268000000000029,8,-8,-6,14,
