condition,metric,direction,n_pairs,min,median,max,mean,exploratory_mean_ci_lower,exploratory_mean_ci_upper,units
alone,miss_percentage,GPU minus CPU,6,0.0,0.0,0.0,0.0,0.0,0.0,percentage points
alone,p99_start_us,GPU minus CPU,6,-10.565000000000001,-8.698,-7.841,-8.791166666666667,-9.546833333333334,-8.184333333333333,µs
alone,p99_phy_us,GPU minus CPU,6,-43.00799999999998,-40.96000000000001,-40.96000000000001,-41.30133333333334,-41.983999999999995,-40.96000000000001,µs
alone,p99_completion_us,GPU minus CPU,6,-50.45000000000002,-49.146,-48.40300000000002,-49.24183333333334,-49.77016666666668,-48.78283333333332,µs
alone,executed,GPU minus CPU,6,0,0.0,0,0.0,0.0,0.0,boundaries
alone,skipped,GPU minus CPU,6,0,0.0,0,0.0,0.0,0.0,boundaries
alone,executed_late,GPU minus CPU,6,0,0.0,0,0.0,0.0,0.0,boundaries
alone,on_time,GPU minus CPU,6,0,0.0,0,0.0,0.0,0.0,boundaries
proc_sgemm,miss_percentage,GPU minus CPU,6,-40.86,-40.68,-40.599999999999994,-40.71666666666667,-40.79333333333333,-40.64666666666667,percentage points
proc_sgemm,p99_start_us,GPU minus CPU,6,-5.02599999999984,0.16249999999990905,4.138999999999669,-0.16183333333340974,-2.4981666666665965,2.002166666666426,µs
proc_sgemm,p99_phy_us,GPU minus CPU,6,2532.352,2533.888,2535.424,2533.888,2532.864,2534.912,µs
proc_sgemm,p99_completion_us,GPU minus CPU,6,62.764000000000124,65.71100000000001,68.0630000000001,65.27483333333339,63.77600000000007,66.74400000000007,µs
proc_sgemm,executed,GPU minus CPU,6,1565,1568.5,1577,1570.3333333333333,1567.0,1574.0,boundaries
proc_sgemm,skipped,GPU minus CPU,6,-1577,-1568.5,-1565,-1570.3333333333333,-1574.0,-1566.8333333333333,boundaries
proc_sgemm,executed_late,GPU minus CPU,6,-466,-465.5,-465,-465.5,-465.8333333333333,-465.1666666666667,boundaries
proc_sgemm,on_time,GPU minus CPU,6,2030,2034.0,2043,2035.8333333333333,2032.3333333333333,2039.6666666666667,boundaries
mps_sgemm,miss_percentage,GPU minus CPU,6,-1.7000000000000028,-0.5799999999999983,-0.28000000000000114,-0.8833333333333329,-1.3266666666666669,-0.45000000000000046,percentage points
mps_sgemm,p99_start_us,GPU minus CPU,6,-0.2959999999999994,1.3169999999999984,2.7169999999999987,1.1929999999999994,0.22483333333333336,2.1256666666666657,µs
mps_sgemm,p99_phy_us,GPU minus CPU,6,-108.54399999999987,-9.727999999999952,40.960000000000036,-22.015999999999924,-64.85333333333324,16.725333333333424,µs
mps_sgemm,p99_completion_us,GPU minus CPU,6,-113.5909999999999,-15.355999999999995,35.13499999999999,-27.43283333333333,-70.10766666666662,11.488166666666643,µs
mps_sgemm,executed,GPU minus CPU,6,8,25.0,89,35.5,14.166666666666666,61.5,boundaries
mps_sgemm,skipped,GPU minus CPU,6,-89,-25.0,-8,-35.5,-61.5,-14.0,boundaries
mps_sgemm,executed_late,GPU minus CPU,6,-28,-8.0,8,-8.666666666666666,-18.666666666666668,1.3333333333333333,boundaries
mps_sgemm,on_time,GPU minus CPU,6,14,29.0,85,44.166666666666664,23.0,66.33333333333333,boundaries
