name,condition,pair_index,case_index,mode,valid,miss_percentage,p99_start_us,p99_phy_us,p99_completion_us,executed,skipped,executed_late,on_time,max_fit_eps_us,timer_tick_us,within_fit_eps,within_fit_eps_plus_tick,errors,warnings
r01_b01_gpu_proc_sgemm,proc_sgemm,1,1,gpu,True,59.16,2476.886,2695.168,2699.768,2619,2381,577,2042,1.9335,1.024,0,0,,CPU real-time scheduling request was denied. | The receiver logged an nvlog configuration error.
r01_b01_cpu_proc_sgemm,proc_sgemm,1,2,cpu,True,99.98,2476.566,162.816,2637.004,1043,3957,1042,1,1.994,1.024,0,0,,CPU real-time scheduling request was denied. | The receiver logged an nvlog configuration error.
r01_b02_cpu_alone,alone,1,3,cpu,True,0.0,15.448,185.344,197.702,5000,0,0,5000,2.239,1.024,0,0,,CPU real-time scheduling request was denied. | The receiver logged an nvlog configuration error.
r01_b02_gpu_alone,alone,1,4,gpu,True,0.0,4.883,144.384,148.243,5000,0,0,5000,1.8235,1.024,0,0,,CPU real-time scheduling request was denied. | The receiver logged an nvlog configuration error.
r01_b03_gpu_mps_sgemm,mps_sgemm,1,5,gpu,True,50.88,16.576,1451.008,1457.882,3598,1402,1142,2456,1.9435,1.024,4,7,,CPU real-time scheduling request was denied. | The receiver logged an nvlog configuration error. | Some deadline classifications are near the empirical clock-fit bound plus timer tick.
r01_b03_cpu_mps_sgemm,mps_sgemm,1,6,cpu,True,52.58,16.872,1559.552,1571.473,3509,1491,1138,2371,1.8135,1.024,8,11,,CPU real-time scheduling request was denied. | The receiver logged an nvlog configuration error. | Some deadline classifications are near the empirical clock-fit bound plus timer tick.
r02_b04_gpu_alone,alone,2,7,gpu,True,0.0,4.879,144.384,147.842,5000,0,0,5000,1.8135,1.024,0,0,,CPU real-time scheduling request was denied. | The receiver logged an nvlog configuration error.
r02_b04_cpu_alone,alone,2,8,cpu,True,0.0,13.637,185.344,196.689,5000,0,0,5000,2.079,1.024,0,0,,CPU real-time scheduling request was denied. | The receiver logged an nvlog configuration error.
r02_b05_gpu_mps_sgemm,mps_sgemm,2,9,gpu,True,51.38,18.858,1570.816,1576.981,3550,1450,1119,2431,1.9435,1.024,8,16,,CPU real-time scheduling request was denied. | The receiver logged an nvlog configuration error. | Some deadline classifications are near the empirical clock-fit bound plus timer tick.
r02_b05_cpu_mps_sgemm,mps_sgemm,2,10,cpu,True,51.84,16.515,1529.856,1541.846,3537,1463,1129,2408,1.8635,1.024,5,8,,CPU real-time scheduling request was denied. | The receiver logged an nvlog configuration error. | Some deadline classifications are near the empirical clock-fit bound plus timer tick.
r02_b06_cpu_proc_sgemm,proc_sgemm,2,11,cpu,True,99.96,2476.193,163.84,2636.961,1044,3956,1042,2,1.999,1.024,0,0,,CPU real-time scheduling request was denied. | The receiver logged an nvlog configuration error.
r02_b06_gpu_proc_sgemm,proc_sgemm,2,12,gpu,True,59.36,2476.198,2699.264,2703.103,2609,2391,577,2032,1.9735,1.024,0,0,,CPU real-time scheduling request was denied. | The receiver logged an nvlog configuration error.
r03_b07_gpu_proc_sgemm,proc_sgemm,3,13,gpu,True,59.14,2474.117,2697.216,2701.438,2620,2380,577,2043,1.9635,1.024,0,0,,CPU real-time scheduling request was denied. | The receiver logged an nvlog configuration error.
r03_b07_cpu_proc_sgemm,proc_sgemm,3,14,cpu,True,100.0,2473.619,163.84,2634.98,1043,3957,1043,0,1.994,1.024,0,0,,CPU real-time scheduling request was denied. | The receiver logged an nvlog configuration error.
r03_b08_cpu_alone,alone,3,15,cpu,True,0.0,12.557,185.344,196.99,5000,0,0,5000,2.244,1.024,0,0,,CPU real-time scheduling request was denied. | The receiver logged an nvlog configuration error.
r03_b08_gpu_alone,alone,3,16,gpu,True,0.0,4.716,144.384,148.084,5000,0,0,5000,1.8485,1.024,0,0,,CPU real-time scheduling request was denied. | The receiver logged an nvlog configuration error.
r03_b09_cpu_mps_sgemm,mps_sgemm,3,17,cpu,True,53.5,15.908,1585.152,1596.829,3496,1504,1171,2325,1.833,1.024,6,13,,CPU real-time scheduling request was denied. | The receiver logged an nvlog configuration error. | Some deadline classifications are near the empirical clock-fit bound plus timer tick.
r03_b09_gpu_mps_sgemm,mps_sgemm,3,18,gpu,True,51.8,15.668,1518.592,1523.937,3553,1447,1143,2410,1.954,1.024,8,13,,CPU real-time scheduling request was denied. | The receiver logged an nvlog configuration error. | Some deadline classifications are near the empirical clock-fit bound plus timer tick.
r04_b10_cpu_proc_sgemm,proc_sgemm,4,19,cpu,True,100.0,2478.308,163.84,2639.087,1043,3957,1043,0,2.044,1.024,0,0,,CPU real-time scheduling request was denied. | The receiver logged an nvlog configuration error.
r04_b10_gpu_proc_sgemm,proc_sgemm,4,20,gpu,True,59.34,2473.282,2698.24,2702.029,2610,2390,577,2033,1.9535,1.024,0,0,,CPU real-time scheduling request was denied. | The receiver logged an nvlog configuration error.
r04_b11_cpu_alone,alone,4,21,cpu,True,0.0,13.247,185.344,196.335,5000,0,0,5000,2.1745,1.024,0,0,,CPU real-time scheduling request was denied. | The receiver logged an nvlog configuration error.
r04_b11_gpu_alone,alone,4,22,gpu,True,0.0,4.609,144.384,147.932,5000,0,0,5000,1.8585,1.024,0,0,,CPU real-time scheduling request was denied. | The receiver logged an nvlog configuration error.
r04_b12_cpu_mps_sgemm,mps_sgemm,4,23,cpu,True,52.72,16.117,1552.384,1564.427,3501,1499,1137,2364,1.8185,1.024,4,5,,CPU real-time scheduling request was denied. | The receiver logged an nvlog configuration error. | Some deadline classifications are near the empirical clock-fit bound plus timer tick.
r04_b12_gpu_mps_sgemm,mps_sgemm,4,24,gpu,True,52.14,18.834,1533.952,1539.983,3538,1462,1145,2393,1.8835,1.024,5,7,,CPU real-time scheduling request was denied. | The receiver logged an nvlog configuration error. | Some deadline classifications are near the empirical clock-fit bound plus timer tick.
r05_b13_gpu_proc_sgemm,proc_sgemm,5,25,gpu,True,59.3,2476.363,2696.192,2700.172,2612,2388,577,2035,1.994,1.024,0,0,,CPU real-time scheduling request was denied. | The receiver logged an nvlog configuration error.
r05_b13_cpu_proc_sgemm,proc_sgemm,5,26,cpu,True,100.0,2472.224,163.84,2632.109,1043,3957,1043,0,2.034,1.024,0,0,,CPU real-time scheduling request was denied. | The receiver logged an nvlog configuration error.
r05_b14_gpu_mps_sgemm,mps_sgemm,5,27,gpu,True,50.6,17.266,1534.976,1541.664,3588,1412,1118,2470,1.8885,1.024,8,15,,CPU real-time scheduling request was denied. | The receiver logged an nvlog configuration error. | Some deadline classifications are near the empirical clock-fit bound plus timer tick.
r05_b14_cpu_mps_sgemm,mps_sgemm,5,28,cpu,True,51.18,16.681,1513.472,1524.201,3579,1421,1138,2441,1.8535,1.024,6,11,,CPU real-time scheduling request was denied. | The receiver logged an nvlog configuration error. | Some deadline classifications are near the empirical clock-fit bound plus timer tick.
r05_b15_gpu_alone,alone,5,29,gpu,True,0.0,4.653,142.336,146.021,5000,0,0,5000,1.8785,1.024,0,0,,CPU real-time scheduling request was denied. | The receiver logged an nvlog configuration error.
r05_b15_cpu_alone,alone,5,30,cpu,True,0.0,13.528,185.344,196.471,5000,0,0,5000,2.194,1.024,0,0,,CPU real-time scheduling request was denied. | The receiver logged an nvlog configuration error.
r06_b16_cpu_proc_sgemm,proc_sgemm,6,31,cpu,True,100.0,2476.117,162.816,2637.097,1042,3958,1042,0,2.024,1.024,0,0,,CPU real-time scheduling request was denied. | The receiver logged an nvlog configuration error.
r06_b16_gpu_proc_sgemm,proc_sgemm,6,32,gpu,True,59.34,2475.21,2698.24,2702.377,2610,2390,577,2033,1.9135,1.024,0,0,,CPU real-time scheduling request was denied. | The receiver logged an nvlog configuration error.
r06_b17_gpu_alone,alone,6,33,gpu,True,0.0,4.613,144.384,147.476,5000,0,0,5000,1.9235,1.024,0,0,,CPU real-time scheduling request was denied. | The receiver logged an nvlog configuration error.
r06_b17_cpu_alone,alone,6,34,cpu,True,0.0,12.683,185.344,196.862,5000,0,0,5000,2.204,1.024,0,0,,CPU real-time scheduling request was denied. | The receiver logged an nvlog configuration error.
r06_b18_cpu_mps_sgemm,mps_sgemm,6,35,cpu,True,51.38,16.081,1563.648,1575.086,3549,1451,1118,2431,1.8735,1.024,7,8,,CPU real-time scheduling request was denied. | The receiver logged an nvlog configuration error. | Some deadline classifications are near the empirical clock-fit bound plus timer tick.
r06_b18_gpu_mps_sgemm,mps_sgemm,6,36,gpu,True,51.1,18.13,1562.624,1568.818,3557,1443,1112,2445,1.9235,1.024,4,9,,CPU real-time scheduling request was denied. | The receiver logged an nvlog configuration error. | Some deadline classifications are near the empirical clock-fit bound plus timer tick.
