timestamp, uuid, pstate, temperature.gpu, power.draw [W], power.limit [W], clocks.current.sm [MHz], clocks.current.memory [MHz], utilization.gpu [%], utilization.memory [%], clocks_event_reasons.active
2026/10/02 20:03:02.739, GPU-268644bb-5aaf-7d44-3eb2-ea796a695aa1, P0, 38, 75.58 W, 300.00 W, 1410 MHz, 1215 MHz, 1 %, 0 %, 0x0000000000000000
2026/10/02 20:03:02.841, GPU-268644bb-5aaf-7d44-3eb2-ea796a695aa1, P0, 38, 75.04 W, 300.00 W, 1410 MHz, 1215 MHz, 1 %, 0 %, 0x0000000000000000
2026/10/02 20:03:02.947, GPU-268644bb-5aaf-7d44-3eb2-ea796a695aa1, P0, 38, 81.11 W, 300.00 W, 1410 MHz, 1215 MHz, 0 %, 0 %, 0x0000000000000000
2026/10/02 20:03:03.048, GPU-268644bb-5aaf-7d44-3eb2-ea796a695aa1, P0, 42, 75.04 W, 300.00 W, 1410 MHz, 1215 MHz, 0 %, 0 %, 0x0000000000000000
2026/10/02 20:03:03.149, GPU-268644bb-5aaf-7d44-3eb2-ea796a695aa1, P0, 41, 177.39 W, 300.00 W, 1095 MHz, 1215 MHz, 28 %, 4 %, 0x0000000000000000
2026/10/02 20:03:03.249, GPU-268644bb-5aaf-7d44-3eb2-ea796a695aa1, P0, 42, 167.62 W, 300.00 W, 1095 MHz, 1215 MHz, 28 %, 4 %, 0x0000000000000000
2026/10/02 20:03:03.350, GPU-268644bb-5aaf-7d44-3eb2-ea796a695aa1, P0, 46, 280.00 W, 300.00 W, 1410 MHz, 1215 MHz, 96 %, 11 %, 0x0000000000000000
2026/10/02 20:03:03.450, GPU-268644bb-5aaf-7d44-3eb2-ea796a695aa1, P0, 46, 280.00 W, 300.00 W, 1410 MHz, 1215 MHz, 96 %, 11 %, 0x0000000000000000
2026/10/02 20:03:03.620, GPU-268644bb-5aaf-7d44-3eb2-ea796a695aa1, P0, 48, 301.39 W, 300.00 W, 1395 MHz, 1215 MHz, 94 %, 14 %, 0x0000000000000004
2026/10/02 20:03:03.721, GPU-268644bb-5aaf-7d44-3eb2-ea796a695aa1, P0, 48, 287.30 W, 300.00 W, 1410 MHz, 1215 MHz, 94 %, 14 %, 0x0000000000000000
2026/10/02 20:03:03.822, GPU-268644bb-5aaf-7d44-3eb2-ea796a695aa1, P0, 49, 301.03 W, 300.00 W, 1410 MHz, 1215 MHz, 96 %, 14 %, 0x0000000000000000
2026/10/02 20:03:03.922, GPU-268644bb-5aaf-7d44-3eb2-ea796a695aa1, P0, 49, 306.55 W, 300.00 W, 1395 MHz, 1215 MHz, 96 %, 14 %, 0x0000000000000004
2026/10/02 20:03:04.023, GPU-268644bb-5aaf-7d44-3eb2-ea796a695aa1, P0, 49, 291.87 W, 300.00 W, 1410 MHz, 1215 MHz, 96 %, 14 %, 0x0000000000000000
2026/10/02 20:03:04.124, GPU-268644bb-5aaf-7d44-3eb2-ea796a695aa1, P0, 50, 304.43 W, 300.00 W, 1410 MHz, 1215 MHz, 96 %, 14 %, 0x0000000000000000
2026/10/02 20:03:04.224, GPU-268644bb-5aaf-7d44-3eb2-ea796a695aa1, P0, 50, 300.74 W, 300.00 W, 1410 MHz, 1215 MHz, 95 %, 14 %, 0x0000000000000000
2026/10/02 20:03:04.325, GPU-268644bb-5aaf-7d44-3eb2-ea796a695aa1, P0, 50, 303.64 W, 300.00 W, 1410 MHz, 1215 MHz, 95 %, 14 %, 0x0000000000000000
2026/10/02 20:03:04.425, GPU-268644bb-5aaf-7d44-3eb2-ea796a695aa1, P0, 50, 298.13 W, 300.00 W, 1410 MHz, 1215 MHz, 95 %, 14 %, 0x0000000000000000
2026/10/02 20:03:04.526, GPU-268644bb-5aaf-7d44-3eb2-ea796a695aa1, P0, 50, 300.24 W, 300.00 W, 1410 MHz, 1215 MHz, 95 %, 14 %, 0x0000000000000004
2026/10/02 20:03:04.627, GPU-268644bb-5aaf-7d44-3eb2-ea796a695aa1, P0, 50, 285.27 W, 300.00 W, 1395 MHz, 1215 MHz, 95 %, 14 %, 0x0000000000000004
2026/10/02 20:03:04.727, GPU-268644bb-5aaf-7d44-3eb2-ea796a695aa1, P0, 50, 297.59 W, 300.00 W, 1410 MHz, 1215 MHz, 95 %, 14 %, 0x0000000000000000
2026/10/02 20:03:04.828, GPU-268644bb-5aaf-7d44-3eb2-ea796a695aa1, P0, 50, 283.12 W, 300.00 W, 1410 MHz, 1215 MHz, 95 %, 14 %, 0x0000000000000000
2026/10/02 20:03:04.928, GPU-268644bb-5aaf-7d44-3eb2-ea796a695aa1, P0, 50, 292.91 W, 300.00 W, 1395 MHz, 1215 MHz, 95 %, 14 %, 0x0000000000000004
2026/10/02 20:03:05.029, GPU-268644bb-5aaf-7d44-3eb2-ea796a695aa1, P0, 51, 296.36 W, 300.00 W, 1410 MHz, 1215 MHz, 96 %, 14 %, 0x0000000000000000
2026/10/02 20:03:05.129, GPU-268644bb-5aaf-7d44-3eb2-ea796a695aa1, P0, 51, 299.46 W, 300.00 W, 1410 MHz, 1215 MHz, 96 %, 14 %, 0x0000000000000000
2026/10/02 20:03:05.230, GPU-268644bb-5aaf-7d44-3eb2-ea796a695aa1, P0, 51, 302.61 W, 300.00 W, 1395 MHz, 1215 MHz, 95 %, 14 %, 0x0000000000000004
2026/10/02 20:03:05.330, GPU-268644bb-5aaf-7d44-3eb2-ea796a695aa1, P0, 51, 287.93 W, 300.00 W, 1410 MHz, 1215 MHz, 95 %, 14 %, 0x0000000000000000
2026/10/02 20:03:05.431, GPU-268644bb-5aaf-7d44-3eb2-ea796a695aa1, P0, 51, 302.86 W, 300.00 W, 1410 MHz, 1215 MHz, 95 %, 14 %, 0x0000000000000000
2026/10/02 20:03:05.532, GPU-268644bb-5aaf-7d44-3eb2-ea796a695aa1, P0, 51, 303.89 W, 300.00 W, 1410 MHz, 1215 MHz, 95 %, 14 %, 0x0000000000000000
2026/10/02 20:03:05.632, GPU-268644bb-5aaf-7d44-3eb2-ea796a695aa1, P0, 51, 304.25 W, 300.00 W, 1395 MHz, 1215 MHz, 95 %, 14 %, 0x0000000000000004
2026/10/02 20:03:05.744, GPU-268644bb-5aaf-7d44-3eb2-ea796a695aa1, P0, 51, 295.77 W, 300.00 W, 1395 MHz, 1215 MHz, 97 %, 14 %, 0x0000000000000004
2026/10/02 20:03:05.845, GPU-268644bb-5aaf-7d44-3eb2-ea796a695aa1, P0, 51, 295.77 W, 300.00 W, 1395 MHz, 1215 MHz, 97 %, 14 %, 0x0000000000000004
2026/10/02 20:03:05.946, GPU-268644bb-5aaf-7d44-3eb2-ea796a695aa1, P0, 51, 298.92 W, 300.00 W, 1410 MHz, 1215 MHz, 97 %, 14 %, 0x0000000000000004
2026/10/02 20:03:06.047, GPU-268644bb-5aaf-7d44-3eb2-ea796a695aa1, P0, 52, 302.07 W, 300.00 W, 1410 MHz, 1215 MHz, 97 %, 14 %, 0x0000000000000000
2026/10/02 20:03:06.147, GPU-268644bb-5aaf-7d44-3eb2-ea796a695aa1, P0, 52, 300.49 W, 300.00 W, 1395 MHz, 1215 MHz, 94 %, 14 %, 0x0000000000000004
2026/10/02 20:03:06.248, GPU-268644bb-5aaf-7d44-3eb2-ea796a695aa1, P0, 52, 298.38 W, 300.00 W, 1395 MHz, 1215 MHz, 94 %, 14 %, 0x0000000000000004
2026/10/02 20:03:06.349, GPU-268644bb-5aaf-7d44-3eb2-ea796a695aa1, P0, 52, 292.07 W, 300.00 W, 1410 MHz, 1215 MHz, 96 %, 14 %, 0x0000000000000000
2026/10/02 20:03:06.449, GPU-268644bb-5aaf-7d44-3eb2-ea796a695aa1, P0, 52, 306.55 W, 300.00 W, 1410 MHz, 1215 MHz, 96 %, 14 %, 0x0000000000000000
2026/10/02 20:03:06.550, GPU-268644bb-5aaf-7d44-3eb2-ea796a695aa1, P0, 52, 307.09 W, 300.00 W, 1410 MHz, 1215 MHz, 95 %, 14 %, 0x0000000000000000
2026/10/02 20:03:06.651, GPU-268644bb-5aaf-7d44-3eb2-ea796a695aa1, P0, 52, 302.96 W, 300.00 W, 1395 MHz, 1215 MHz, 95 %, 14 %, 0x0000000000000004
2026/10/02 20:03:06.751, GPU-268644bb-5aaf-7d44-3eb2-ea796a695aa1, P0, 52, 293.90 W, 300.00 W, 1410 MHz, 1215 MHz, 95 %, 14 %, 0x0000000000000000
2026/10/02 20:03:06.852, GPU-268644bb-5aaf-7d44-3eb2-ea796a695aa1, P0, 52, 298.62 W, 300.00 W, 1380 MHz, 1215 MHz, 95 %, 14 %, 0x0000000000000004
2026/10/02 20:03:06.955, GPU-268644bb-5aaf-7d44-3eb2-ea796a695aa1, P0, 52, 294.19 W, 300.00 W, 1395 MHz, 1215 MHz, 97 %, 14 %, 0x0000000000000004
2026/10/02 20:03:07.056, GPU-268644bb-5aaf-7d44-3eb2-ea796a695aa1, P0, 51, 263.93 W, 300.00 W, 1410 MHz, 1215 MHz, 97 %, 14 %, 0x0000000000000000
2026/10/02 20:03:07.156, GPU-268644bb-5aaf-7d44-3eb2-ea796a695aa1, P0, 51, 275.19 W, 300.00 W, 1410 MHz, 1215 MHz, 99 %, 14 %, 0x0000000000000000
2026/10/02 20:03:07.256, GPU-268644bb-5aaf-7d44-3eb2-ea796a695aa1, P0, 51, 282.12 W, 300.00 W, 1410 MHz, 1215 MHz, 99 %, 14 %, 0x0000000000000000
2026/10/02 20:03:07.357, GPU-268644bb-5aaf-7d44-3eb2-ea796a695aa1, P0, 51, 281.87 W, 300.00 W, 1410 MHz, 1215 MHz, 100 %, 14 %, 0x0000000000000000
2026/10/02 20:03:07.457, GPU-268644bb-5aaf-7d44-3eb2-ea796a695aa1, P0, 51, 310.24 W, 300.00 W, 1395 MHz, 1215 MHz, 100 %, 14 %, 0x0000000000000004
2026/10/02 20:03:07.557, GPU-268644bb-5aaf-7d44-3eb2-ea796a695aa1, P0, 48, 177.10 W, 300.00 W, 1410 MHz, 1215 MHz, 100 %, 13 %, 0x0000000000000000
2026/10/02 20:03:07.658, GPU-268644bb-5aaf-7d44-3eb2-ea796a695aa1, P0, 47, 181.34 W, 300.00 W, 1410 MHz, 1215 MHz, 100 %, 13 %, 0x0000000000000000
2026/10/02 20:03:07.758, GPU-268644bb-5aaf-7d44-3eb2-ea796a695aa1, P0, 47, 189.78 W, 300.00 W, 1410 MHz, 1215 MHz, 100 %, 7 %, 0x0000000000000000
2026/10/02 20:03:07.858, GPU-268644bb-5aaf-7d44-3eb2-ea796a695aa1, P0, 49, 269.92 W, 300.00 W, 1410 MHz, 1215 MHz, 100 %, 7 %, 0x0000000000000000
2026/10/02 20:03:07.959, GPU-268644bb-5aaf-7d44-3eb2-ea796a695aa1, P0, 50, 279.42 W, 300.00 W, 1410 MHz, 1215 MHz, 100 %, 11 %, 0x0000000000000000
2026/10/02 20:03:08.060, GPU-268644bb-5aaf-7d44-3eb2-ea796a695aa1, P0, 51, 296.80 W, 300.00 W, 1410 MHz, 1215 MHz, 100 %, 11 %, 0x0000000000000000
2026/10/02 20:03:08.160, GPU-268644bb-5aaf-7d44-3eb2-ea796a695aa1, P0, 51, 298.13 W, 300.00 W, 1410 MHz, 1215 MHz, 96 %, 13 %, 0x0000000000000000
2026/10/02 20:03:08.261, GPU-268644bb-5aaf-7d44-3eb2-ea796a695aa1, P0, 51, 269.99 W, 300.00 W, 1410 MHz, 1215 MHz, 96 %, 13 %, 0x0000000000000000
2026/10/02 20:03:08.361, GPU-268644bb-5aaf-7d44-3eb2-ea796a695aa1, P0, 51, 297.84 W, 300.00 W, 1410 MHz, 1215 MHz, 95 %, 13 %, 0x0000000000000000
2026/10/02 20:03:08.462, GPU-268644bb-5aaf-7d44-3eb2-ea796a695aa1, P0, 51, 303.40 W, 300.00 W, 1410 MHz, 1215 MHz, 95 %, 13 %, 0x0000000000000000
2026/10/02 20:03:08.562, GPU-268644bb-5aaf-7d44-3eb2-ea796a695aa1, P0, 52, 278.71 W, 300.00 W, 1410 MHz, 1215 MHz, 95 %, 13 %, 0x0000000000000000
2026/10/02 20:03:08.663, GPU-268644bb-5aaf-7d44-3eb2-ea796a695aa1, P0, 51, 293.65 W, 300.00 W, 1410 MHz, 1215 MHz, 95 %, 13 %, 0x0000000000000000
2026/10/02 20:03:08.764, GPU-268644bb-5aaf-7d44-3eb2-ea796a695aa1, P0, 52, 300.74 W, 300.00 W, 1410 MHz, 1215 MHz, 95 %, 13 %, 0x0000000000000000
2026/10/02 20:03:08.865, GPU-268644bb-5aaf-7d44-3eb2-ea796a695aa1, P0, 52, 271.00 W, 300.00 W, 1410 MHz, 1215 MHz, 95 %, 13 %, 0x0000000000000000
2026/10/02 20:03:08.965, GPU-268644bb-5aaf-7d44-3eb2-ea796a695aa1, P0, 52, 291.29 W, 300.00 W, 1410 MHz, 1215 MHz, 95 %, 13 %, 0x0000000000000000
2026/10/02 20:03:09.066, GPU-268644bb-5aaf-7d44-3eb2-ea796a695aa1, P0, 52, 301.28 W, 300.00 W, 1410 MHz, 1215 MHz, 95 %, 13 %, 0x0000000000000000
2026/10/02 20:03:09.166, GPU-268644bb-5aaf-7d44-3eb2-ea796a695aa1, P0, 52, 279.21 W, 300.00 W, 1410 MHz, 1215 MHz, 95 %, 13 %, 0x0000000000000000
2026/10/02 20:03:09.267, GPU-268644bb-5aaf-7d44-3eb2-ea796a695aa1, P0, 51, 291.29 W, 300.00 W, 1410 MHz, 1215 MHz, 95 %, 13 %, 0x0000000000000000
2026/10/02 20:03:09.368, GPU-268644bb-5aaf-7d44-3eb2-ea796a695aa1, P0, 52, 300.49 W, 300.00 W, 1410 MHz, 1215 MHz, 95 %, 13 %, 0x0000000000000000
2026/10/02 20:03:09.468, GPU-268644bb-5aaf-7d44-3eb2-ea796a695aa1, P0, 52, 282.12 W, 300.00 W, 1410 MHz, 1215 MHz, 95 %, 13 %, 0x0000000000000000
2026/10/02 20:03:09.569, GPU-268644bb-5aaf-7d44-3eb2-ea796a695aa1, P0, 52, 294.19 W, 300.00 W, 1410 MHz, 1215 MHz, 95 %, 13 %, 0x0000000000000000
2026/10/02 20:03:09.669, GPU-268644bb-5aaf-7d44-3eb2-ea796a695aa1, P0, 52, 304.73 W, 300.00 W, 1410 MHz, 1215 MHz, 95 %, 13 %, 0x0000000000000000
2026/10/02 20:03:09.770, GPU-268644bb-5aaf-7d44-3eb2-ea796a695aa1, P0, 52, 275.73 W, 300.00 W, 1410 MHz, 1215 MHz, 95 %, 13 %, 0x0000000000000000
2026/10/02 20:03:09.871, GPU-268644bb-5aaf-7d44-3eb2-ea796a695aa1, P0, 52, 293.65 W, 300.00 W, 1410 MHz, 1215 MHz, 95 %, 13 %, 0x0000000000000000
2026/10/02 20:03:09.971, GPU-268644bb-5aaf-7d44-3eb2-ea796a695aa1, P0, 52, 303.40 W, 300.00 W, 1410 MHz, 1215 MHz, 95 %, 13 %, 0x0000000000000000
2026/10/02 20:03:10.072, GPU-268644bb-5aaf-7d44-3eb2-ea796a695aa1, P0, 52, 299.70 W, 300.00 W, 1410 MHz, 1215 MHz, 95 %, 13 %, 0x0000000000000000
2026/10/02 20:03:10.172, GPU-268644bb-5aaf-7d44-3eb2-ea796a695aa1, P0, 52, 292.32 W, 300.00 W, 1395 MHz, 1215 MHz, 95 %, 13 %, 0x0000000000000004
2026/10/02 20:03:10.273, GPU-268644bb-5aaf-7d44-3eb2-ea796a695aa1, P0, 52, 270.24 W, 300.00 W, 1410 MHz, 1215 MHz, 95 %, 13 %, 0x0000000000000000
2026/10/02 20:03:10.373, GPU-268644bb-5aaf-7d44-3eb2-ea796a695aa1, P0, 51, 268.17 W, 300.00 W, 1410 MHz, 1215 MHz, 97 %, 13 %, 0x0000000000000000
2026/10/02 20:03:10.473, GPU-268644bb-5aaf-7d44-3eb2-ea796a695aa1, P0, 51, 266.30 W, 300.00 W, 1410 MHz, 1215 MHz, 97 %, 13 %, 0x0000000000000000
2026/10/02 20:03:10.574, GPU-268644bb-5aaf-7d44-3eb2-ea796a695aa1, P0, 51, 269.20 W, 300.00 W, 1410 MHz, 1215 MHz, 100 %, 13 %, 0x0000000000000000
2026/10/02 20:03:10.674, GPU-268644bb-5aaf-7d44-3eb2-ea796a695aa1, P0, 51, 269.20 W, 300.00 W, 1410 MHz, 1215 MHz, 100 %, 13 %, 0x0000000000000000
2026/10/02 20:03:10.774, GPU-268644bb-5aaf-7d44-3eb2-ea796a695aa1, P0, 51, 272.11 W, 300.00 W, 1410 MHz, 1215 MHz, 100 %, 13 %, 0x0000000000000000
2026/10/02 20:03:10.874, GPU-268644bb-5aaf-7d44-3eb2-ea796a695aa1, P0, 51, 271.02 W, 300.00 W, 1410 MHz, 1215 MHz, 100 %, 13 %, 0x0000000000000000
2026/10/02 20:03:10.975, GPU-268644bb-5aaf-7d44-3eb2-ea796a695aa1, P0, 51, 272.36 W, 300.00 W, 1410 MHz, 1215 MHz, 100 %, 13 %, 0x0000000000000000
2026/10/02 20:03:11.075, GPU-268644bb-5aaf-7d44-3eb2-ea796a695aa1, P0, 51, 271.02 W, 300.00 W, 1410 MHz, 1215 MHz, 100 %, 13 %, 0x0000000000000000
2026/10/02 20:03:11.175, GPU-268644bb-5aaf-7d44-3eb2-ea796a695aa1, P0, 51, 268.66 W, 300.00 W, 1410 MHz, 1215 MHz, 100 %, 13 %, 0x0000000000000000
2026/10/02 20:03:11.276, GPU-268644bb-5aaf-7d44-3eb2-ea796a695aa1, P0, 51, 273.69 W, 300.00 W, 1410 MHz, 1215 MHz, 100 %, 13 %, 0x0000000000000000
2026/10/02 20:03:11.376, GPU-268644bb-5aaf-7d44-3eb2-ea796a695aa1, P0, 51, 268.42 W, 300.00 W, 1410 MHz, 1215 MHz, 100 %, 13 %, 0x0000000000000000
2026/10/02 20:03:11.476, GPU-268644bb-5aaf-7d44-3eb2-ea796a695aa1, P0, 51, 273.69 W, 300.00 W, 1410 MHz, 1215 MHz, 100 %, 13 %, 0x0000000000000000
2026/10/02 20:03:11.577, GPU-268644bb-5aaf-7d44-3eb2-ea796a695aa1, P0, 51, 266.30 W, 300.00 W, 1410 MHz, 1215 MHz, 100 %, 13 %, 0x0000000000000000
2026/10/02 20:03:11.677, GPU-268644bb-5aaf-7d44-3eb2-ea796a695aa1, P0, 51, 270.46 W, 300.00 W, 1410 MHz, 1215 MHz, 100 %, 13 %, 0x0000000000000000
2026/10/02 20:03:11.777, GPU-268644bb-5aaf-7d44-3eb2-ea796a695aa1, P0, 51, 270.53 W, 300.00 W, 1410 MHz, 1215 MHz, 100 %, 13 %, 0x0000000000000000
2026/10/02 20:03:11.877, GPU-268644bb-5aaf-7d44-3eb2-ea796a695aa1, P0, 51, 271.02 W, 300.00 W, 1410 MHz, 1215 MHz, 100 %, 13 %, 0x0000000000000000
2026/10/02 20:03:11.978, GPU-268644bb-5aaf-7d44-3eb2-ea796a695aa1, P0, 51, 269.45 W, 300.00 W, 1410 MHz, 1215 MHz, 100 %, 13 %, 0x0000000000000000
2026/10/02 20:03:12.078, GPU-268644bb-5aaf-7d44-3eb2-ea796a695aa1, P0, 51, 268.96 W, 300.00 W, 1410 MHz, 1215 MHz, 100 %, 13 %, 0x0000000000000000
2026/10/02 20:03:12.178, GPU-268644bb-5aaf-7d44-3eb2-ea796a695aa1, P0, 51, 270.24 W, 300.00 W, 1410 MHz, 1215 MHz, 100 %, 13 %, 0x0000000000000000
2026/10/02 20:03:12.279, GPU-268644bb-5aaf-7d44-3eb2-ea796a695aa1, P0, 51, 270.24 W, 300.00 W, 1410 MHz, 1215 MHz, 100 %, 13 %, 0x0000000000000000
2026/10/02 20:03:12.379, GPU-268644bb-5aaf-7d44-3eb2-ea796a695aa1, P0, 51, 267.63 W, 300.00 W, 1410 MHz, 1215 MHz, 100 %, 14 %, 0x0000000000000000
2026/10/02 20:03:12.479, GPU-268644bb-5aaf-7d44-3eb2-ea796a695aa1, P0, 51, 267.87 W, 300.00 W, 1410 MHz, 1215 MHz, 100 %, 14 %, 0x0000000000000000
2026/10/02 20:03:12.580, GPU-268644bb-5aaf-7d44-3eb2-ea796a695aa1, P0, 51, 264.96 W, 300.00 W, 1410 MHz, 1215 MHz, 100 %, 13 %, 0x0000000000000000
2026/10/02 20:03:12.680, GPU-268644bb-5aaf-7d44-3eb2-ea796a695aa1, P0, 51, 268.17 W, 300.00 W, 1410 MHz, 1215 MHz, 100 %, 13 %, 0x0000000000000000
2026/10/02 20:03:12.780, GPU-268644bb-5aaf-7d44-3eb2-ea796a695aa1, P0, 51, 264.17 W, 300.00 W, 1410 MHz, 1215 MHz, 100 %, 13 %, 0x0000000000000000
2026/10/02 20:03:12.880, GPU-268644bb-5aaf-7d44-3eb2-ea796a695aa1, P0, 51, 271.02 W, 300.00 W, 1410 MHz, 1215 MHz, 100 %, 13 %, 0x0000000000000000
2026/10/02 20:03:12.981, GPU-268644bb-5aaf-7d44-3eb2-ea796a695aa1, P0, 51, 263.08 W, 300.00 W, 1410 MHz, 1215 MHz, 100 %, 13 %, 0x0000000000000000
2026/10/02 20:03:13.081, GPU-268644bb-5aaf-7d44-3eb2-ea796a695aa1, P0, 51, 270.46 W, 300.00 W, 1410 MHz, 1215 MHz, 100 %, 13 %, 0x0000000000000000
2026/10/02 20:03:13.181, GPU-268644bb-5aaf-7d44-3eb2-ea796a695aa1, P0, 51, 268.10 W, 300.00 W, 1410 MHz, 1215 MHz, 100 %, 13 %, 0x0000000000000000
2026/10/02 20:03:13.282, GPU-268644bb-5aaf-7d44-3eb2-ea796a695aa1, P0, 52, 307.33 W, 300.00 W, 1410 MHz, 1215 MHz, 100 %, 13 %, 0x0000000000000000
2026/10/02 20:03:13.382, GPU-268644bb-5aaf-7d44-3eb2-ea796a695aa1, P0, 52, 286.06 W, 300.00 W, 1410 MHz, 1215 MHz, 97 %, 14 %, 0x0000000000000000
2026/10/02 20:03:13.483, GPU-268644bb-5aaf-7d44-3eb2-ea796a695aa1, P0, 53, 309.99 W, 300.00 W, 1395 MHz, 1215 MHz, 97 %, 14 %, 0x0000000000000004
2026/10/02 20:03:13.583, GPU-268644bb-5aaf-7d44-3eb2-ea796a695aa1, P0, 52, 291.29 W, 300.00 W, 1410 MHz, 1215 MHz, 95 %, 14 %, 0x0000000000000000
2026/10/02 20:03:13.684, GPU-268644bb-5aaf-7d44-3eb2-ea796a695aa1, P0, 53, 302.07 W, 300.00 W, 1395 MHz, 1215 MHz, 95 %, 14 %, 0x0000000000000004
2026/10/02 20:03:13.784, GPU-268644bb-5aaf-7d44-3eb2-ea796a695aa1, P0, 53, 303.10 W, 300.00 W, 1410 MHz, 1215 MHz, 95 %, 13 %, 0x0000000000000000
2026/10/02 20:03:13.885, GPU-268644bb-5aaf-7d44-3eb2-ea796a695aa1, P0, 53, 292.32 W, 300.00 W, 1395 MHz, 1215 MHz, 95 %, 13 %, 0x0000000000000004
2026/10/02 20:03:13.986, GPU-268644bb-5aaf-7d44-3eb2-ea796a695aa1, P0, 53, 307.09 W, 300.00 W, 1410 MHz, 1215 MHz, 95 %, 14 %, 0x0000000000000000
2026/10/02 20:03:14.086, GPU-268644bb-5aaf-7d44-3eb2-ea796a695aa1, P0, 53, 304.98 W, 300.00 W, 1410 MHz, 1215 MHz, 95 %, 14 %, 0x0000000000000000
2026/10/02 20:03:14.187, GPU-268644bb-5aaf-7d44-3eb2-ea796a695aa1, P0, 53, 291.53 W, 300.00 W, 1410 MHz, 1215 MHz, 95 %, 14 %, 0x0000000000000000
2026/10/02 20:03:14.287, GPU-268644bb-5aaf-7d44-3eb2-ea796a695aa1, P0, 53, 289.96 W, 300.00 W, 1395 MHz, 1215 MHz, 95 %, 14 %, 0x0000000000000004
2026/10/02 20:03:14.388, GPU-268644bb-5aaf-7d44-3eb2-ea796a695aa1, P0, 53, 302.61 W, 300.00 W, 1410 MHz, 1215 MHz, 95 %, 13 %, 0x0000000000000000
2026/10/02 20:03:14.489, GPU-268644bb-5aaf-7d44-3eb2-ea796a695aa1, P0, 53, 293.11 W, 300.00 W, 1410 MHz, 1215 MHz, 95 %, 13 %, 0x0000000000000000
2026/10/02 20:03:14.590, GPU-268644bb-5aaf-7d44-3eb2-ea796a695aa1, P0, 53, 305.76 W, 300.00 W, 1410 MHz, 1215 MHz, 95 %, 14 %, 0x0000000000000000
2026/10/02 20:03:14.690, GPU-268644bb-5aaf-7d44-3eb2-ea796a695aa1, P0, 53, 291.53 W, 300.00 W, 1395 MHz, 1215 MHz, 95 %, 14 %, 0x0000000000000004
2026/10/02 20:03:14.791, GPU-268644bb-5aaf-7d44-3eb2-ea796a695aa1, P0, 53, 308.37 W, 300.00 W, 1395 MHz, 1215 MHz, 94 %, 14 %, 0x0000000000000004
2026/10/02 20:03:14.891, GPU-268644bb-5aaf-7d44-3eb2-ea796a695aa1, P0, 53, 298.38 W, 300.00 W, 1410 MHz, 1215 MHz, 94 %, 14 %, 0x0000000000000000
2026/10/02 20:03:14.992, GPU-268644bb-5aaf-7d44-3eb2-ea796a695aa1, P0, 53, 294.19 W, 300.00 W, 1395 MHz, 1215 MHz, 95 %, 13 %, 0x0000000000000004
2026/10/02 20:03:15.092, GPU-268644bb-5aaf-7d44-3eb2-ea796a695aa1, P0, 53, 305.22 W, 300.00 W, 1410 MHz, 1215 MHz, 95 %, 13 %, 0x0000000000000000
2026/10/02 20:03:15.192, GPU-268644bb-5aaf-7d44-3eb2-ea796a695aa1, P0, 54, 305.22 W, 300.00 W, 1395 MHz, 1215 MHz, 96 %, 14 %, 0x0000000000000004
2026/10/02 20:03:15.300, GPU-268644bb-5aaf-7d44-3eb2-ea796a695aa1, P0, 49, 305.22 W, 300.00 W, 1395 MHz, 1215 MHz, 96 %, 14 %, 0x0000000000000004
2026/10/02 20:03:15.400, GPU-268644bb-5aaf-7d44-3eb2-ea796a695aa1, P0, 45, 86.16 W, 300.00 W, 1410 MHz, 1215 MHz, 48 %, 7 %, 0x0000000000000000
2026/10/02 20:03:15.515, GPU-268644bb-5aaf-7d44-3eb2-ea796a695aa1, P0, 44, 86.16 W, 300.00 W, 1410 MHz, 1215 MHz, 48 %, 7 %, 0x0000000000000000
2026/10/02 20:03:15.616, GPU-268644bb-5aaf-7d44-3eb2-ea796a695aa1, P0, 43, 79.53 W, 300.00 W, 1410 MHz, 1215 MHz, 6 %, 0 %, 0x0000000000000000
2026/10/02 20:03:15.716, GPU-268644bb-5aaf-7d44-3eb2-ea796a695aa1, P0, 43, 78.75 W, 300.00 W, 1410 MHz, 1215 MHz, 6 %, 0 %, 0x0000000000000000
2026/10/02 20:03:15.817, GPU-268644bb-5aaf-7d44-3eb2-ea796a695aa1, P0, 42, 78.21 W, 300.00 W, 1410 MHz, 1215 MHz, 0 %, 0 %, 0x0000000000000000
2026/10/02 20:03:15.918, GPU-268644bb-5aaf-7d44-3eb2-ea796a695aa1, P0, 42, 78.21 W, 300.00 W, 1410 MHz, 1215 MHz, 0 %, 0 %, 0x0000000000000000
2026/10/02 20:03:16.018, GPU-268644bb-5aaf-7d44-3eb2-ea796a695aa1, P0, 41, 78.21 W, 300.00 W, 1410 MHz, 1215 MHz, 0 %, 0 %, 0x0000000000000000
2026/10/02 20:03:16.119, GPU-268644bb-5aaf-7d44-3eb2-ea796a695aa1, P0, 41, 78.21 W, 300.00 W, 1410 MHz, 1215 MHz, 0 %, 0 %, 0x0000000000000000
2026/10/02 20:03:16.219, GPU-268644bb-5aaf-7d44-3eb2-ea796a695aa1, P0, 41, 77.41 W, 300.00 W, 1410 MHz, 1215 MHz, 0 %, 0 %, 0x0000000000000000
