1	1	1	proc_sgemm	gpu	r01_b01_gpu_proc_sgemm
2	1	1	proc_sgemm	cpu	r01_b01_cpu_proc_sgemm
3	2	1	alone	cpu	r01_b02_cpu_alone
4	2	1	alone	gpu	r01_b02_gpu_alone
5	3	1	mps_sgemm	gpu	r01_b03_gpu_mps_sgemm
6	3	1	mps_sgemm	cpu	r01_b03_cpu_mps_sgemm
7	4	2	alone	gpu	r02_b04_gpu_alone
8	4	2	alone	cpu	r02_b04_cpu_alone
9	5	2	mps_sgemm	gpu	r02_b05_gpu_mps_sgemm
10	5	2	mps_sgemm	cpu	r02_b05_cpu_mps_sgemm
11	6	2	proc_sgemm	cpu	r02_b06_cpu_proc_sgemm
12	6	2	proc_sgemm	gpu	r02_b06_gpu_proc_sgemm
13	7	3	proc_sgemm	gpu	r03_b07_gpu_proc_sgemm
14	7	3	proc_sgemm	cpu	r03_b07_cpu_proc_sgemm
15	8	3	alone	cpu	r03_b08_cpu_alone
16	8	3	alone	gpu	r03_b08_gpu_alone
17	9	3	mps_sgemm	cpu	r03_b09_cpu_mps_sgemm
18	9	3	mps_sgemm	gpu	r03_b09_gpu_mps_sgemm
19	10	4	proc_sgemm	cpu	r04_b10_cpu_proc_sgemm
20	10	4	proc_sgemm	gpu	r04_b10_gpu_proc_sgemm
21	11	4	alone	cpu	r04_b11_cpu_alone
22	11	4	alone	gpu	r04_b11_gpu_alone
23	12	4	mps_sgemm	cpu	r04_b12_cpu_mps_sgemm
24	12	4	mps_sgemm	gpu	r04_b12_gpu_mps_sgemm
25	13	5	proc_sgemm	gpu	r05_b13_gpu_proc_sgemm
26	13	5	proc_sgemm	cpu	r05_b13_cpu_proc_sgemm
27	14	5	mps_sgemm	gpu	r05_b14_gpu_mps_sgemm
28	14	5	mps_sgemm	cpu	r05_b14_cpu_mps_sgemm
29	15	5	alone	gpu	r05_b15_gpu_alone
30	15	5	alone	cpu	r05_b15_cpu_alone
31	16	6	proc_sgemm	cpu	r06_b16_cpu_proc_sgemm
32	16	6	proc_sgemm	gpu	r06_b16_gpu_proc_sgemm
33	17	6	alone	gpu	r06_b17_gpu_alone
34	17	6	alone	cpu	r06_b17_cpu_alone
35	18	6	mps_sgemm	cpu	r06_b18_cpu_mps_sgemm
36	18	6	mps_sgemm	gpu	r06_b18_gpu_mps_sgemm
