REFERENCE	reference.cubin	0	0
ek_slide	slide_k00.cubin	32	0	slide_k00	1
ek_slide	slide_k04.cubin	32	0	slide_k04	1
ek_slide	slide_k08.cubin	32	0	slide_k08	1
ek_slide	slide_k12.cubin	32	0	slide_k12	1
ek_slide	slide_k16.cubin	32	0	slide_k16	1
ek_slide	slide_k20.cubin	32	0	slide_k20	1
ek_slide	slide_k24.cubin	32	0	slide_k24	1
ek_slide	slide_k28.cubin	32	0	slide_k28	1
ek_slide	slide_k32.cubin	32	0	slide_k32	1
ek_slide	slide_k36.cubin	32	0	slide_k36	1
ek_slide	slide_k40.cubin	32	0	slide_k40	1
ek_slide	slide_k44.cubin	32	0	slide_k44	1
ek_slide	slide_k48.cubin	32	0	slide_k48	1
ek_slide	slide_k52.cubin	32	0	slide_k52	1
ek_slide	slide_k56.cubin	32	0	slide_k56	1
ek_slide	slide_k60.cubin	32	0	slide_k60	1
ek_slide	slide_k64.cubin	32	0	slide_k64	1
ek_slide	viol_load_past_consumer.cubin	32	0	viol_load_past_consumer	0
ek_slide	viol_consumer_above_load.cubin	32	0	viol_consumer_above_load	0
ek_slide	viol_wait_cleared.cubin	32	0	viol_wait_cleared	0
ek_stallprobe_ffma	viol_stall_ffma_3.cubin	32	0	viol_stall_ffma_3	0
ek_stallprobe_ffma	viol_stall_ffma_2.cubin	32	0	viol_stall_ffma_2	0
ek_stallprobe_ffma	viol_stall_ffma_1.cubin	32	0	viol_stall_ffma_1	0
ek_stallprobe_iadd3	viol_stall_iadd3_3.cubin	32	0	viol_stall_iadd3_3	0
ek_stallprobe_iadd3	viol_stall_iadd3_2.cubin	32	0	viol_stall_iadd3_2	0
ek_stallprobe_iadd3	viol_stall_iadd3_1.cubin	32	0	viol_stall_iadd3_1	0
ek_stallprobe_ffma	probe_mem_consumer_ffma_4.cubin	32	0	probe_mem_consumer_ffma_4	0
ek_stallprobe_iadd3	probe_mem_consumer_iadd3_4.cubin	32	0	probe_mem_consumer_iadd3_4	0
ek_ldgsts	viol_ldgsts_swap.cubin	32	0	viol_ldgsts_swap	0
ek_barwork	bar_ffma_across.cubin	256	21845	bar_ffma_across	0
