trial,variant,slots,skipped,stalls_over_1ms,miss@150,miss@160,miss@175,miss@200,miss@250,miss@300,miss@400,miss@500
t01_p1_gpu_alone,gpu/alone,5000,0,0,20,20,20,20,16,4,0,0
t01_p2_cpu_alone,cpu/alone,5000,31,33,5000,5000,5000,320,37,37,36,35
t01_p3_cpu_keepalive_alone,cpu_keepalive/alone,5000,36,39,5000,1011,107,91,83,67,41,40
t02_p1_cpu_alone,cpu/alone,5000,28,30,5000,5000,5000,331,80,63,34,31
t02_p2_cpu_keepalive_alone,cpu_keepalive/alone,5000,31,33,5000,2815,107,83,69,54,35,33
t02_p3_gpu_alone,gpu/alone,5000,0,0,0,0,0,0,0,0,0,0
t03_p1_cpu_keepalive_alone,cpu_keepalive/alone,5000,33,36,5000,141,51,43,39,39,36,36
t03_p2_cpu_alone,cpu/alone,5000,22,24,5000,5000,5000,79,33,31,26,24
t03_p3_gpu_alone,gpu/alone,5000,0,0,47,44,42,33,13,7,0,0
t04_p1_cpu_keepalive_alone,cpu_keepalive/alone,5000,27,29,5000,63,42,33,29,29,29,29
t04_p2_cpu_alone,cpu/alone,5000,30,32,5000,5000,5000,242,43,38,32,32
t04_p3_gpu_alone,gpu/alone,5000,0,0,33,29,22,12,1,0,0,0
t05_p1_cpu_alone,cpu/alone,5000,26,28,5000,5000,5000,46,30,28,28,28
t05_p2_cpu_keepalive_alone,cpu_keepalive/alone,5000,28,29,5000,54,37,36,31,31,29,29
t05_p3_gpu_alone,gpu/alone,5000,0,0,4,4,4,4,2,1,0,0
t06_p1_gpu_alone,gpu/alone,5000,0,0,35,34,34,33,27,6,0,0
t06_p2_cpu_keepalive_alone,cpu_keepalive/alone,5000,32,35,5000,379,45,44,42,38,36,35
t06_p3_cpu_alone,cpu/alone,5000,24,26,5000,5000,5000,109,30,30,27,27
t07_p1_cpu_alone,cpu/alone,5000,29,31,5000,5000,5000,374,46,38,33,31
t07_p2_gpu_alone,gpu/alone,5000,0,0,8,5,5,2,1,0,0,0
t07_p3_cpu_keepalive_alone,cpu_keepalive/alone,5000,28,30,5000,3783,93,77,73,57,31,30
t08_p1_gpu_alone,gpu/alone,5000,0,0,0,0,0,0,0,0,0,0
t08_p2_cpu_alone,cpu/alone,5000,30,33,5000,5000,5000,882,76,63,34,33
t08_p3_cpu_keepalive_alone,cpu_keepalive/alone,5000,24,25,3402,43,35,31,28,27,26,25
t09_p1_cpu_keepalive_alone,cpu_keepalive/alone,5000,51,63,5000,219,81,71,69,69,67,65
t09_p2_gpu_alone,gpu/alone,5000,0,0,16,16,16,16,12,5,0,0
t09_p3_cpu_alone,cpu/alone,5000,28,30,5000,5000,5000,260,51,39,30,30
t10_p1_cpu_keepalive_alone,cpu_keepalive/alone,5000,26,31,1992,55,52,52,50,44,36,33
t10_p2_gpu_alone,gpu/alone,5000,0,0,10,8,7,5,2,1,0,0
t10_p3_cpu_alone,cpu/alone,5000,29,31,5000,5000,5000,350,75,64,34,31
t11_p1_gpu_alone,gpu/alone,5000,0,0,6,6,6,6,6,2,0,0
t11_p2_cpu_keepalive_alone,cpu_keepalive/alone,5000,0,0,5000,4131,19,9,3,1,0,0
t11_p3_cpu_alone,cpu/alone,5000,27,29,5000,5000,5000,594,49,47,30,29
t12_p1_cpu_alone,cpu/alone,5000,25,27,5000,5000,5000,35,30,30,28,27
t12_p2_gpu_alone,gpu/alone,5000,0,0,5,1,1,0,0,0,0,0
t12_p3_cpu_keepalive_alone,cpu_keepalive/alone,5000,29,31,5000,4175,60,39,37,35,31,31
