contrast,direction,metric,n_triplets,min,median,max,mean,exploratory_mean_ci_lower,exploratory_mean_ci_upper
gpu_minus_cpu,gpu minus cpu,executed,6,0,2.5,8,3.0,0.8333333333333334,5.666666666666667
gpu_minus_cpu,gpu minus cpu,executed_late,6,-3,-0.5,0,-0.8333333333333334,-1.8333333333333333,-0.16666666666666666
gpu_minus_cpu,gpu minus cpu,miss_percentage,6,-0.22,-0.06,0.0,-0.07666666666666666,-0.15,-0.02
gpu_minus_cpu,gpu minus cpu,on_time,6,0,3.0,11,3.8333333333333335,1.0,7.5
gpu_minus_cpu,gpu minus cpu,p50_launch_to_start_us,6,-7.414,-7.0825,-6.987,-7.142166666666665,-7.277166666666666,-7.027333333333334
gpu_minus_cpu,gpu minus cpu,p50_phy_us,6,-40.95999999999998,-40.95999999999998,-40.95999999999998,-40.95999999999998,-40.95999999999998,-40.95999999999998
gpu_minus_cpu,gpu minus cpu,p50_start_us,6,-7.146999999999999,-6.879,-6.756,-6.889833333333333,-7.000166666666666,-6.797999999999999
gpu_minus_cpu,gpu minus cpu,p99_completion_us,6,-48.902000000000015,-48.8605,-48.41899999999998,-48.72733333333334,-48.883500000000005,-48.56866666666665
gpu_minus_cpu,gpu minus cpu,p99_launch_call_us,6,-4.504,-4.309,-4.274,-4.3406666666666665,-4.410666666666667,-4.290666666666667
gpu_minus_cpu,gpu minus cpu,p99_launch_error_us,6,0.953,0.9559999999999998,0.957,0.9554999999999999,0.9543333333333334,0.9563333333333333
gpu_minus_cpu,gpu minus cpu,p99_launch_to_start_us,6,-10.007,-9.374500000000001,-8.609,-9.304166666666667,-9.703833333333334,-8.9045
gpu_minus_cpu,gpu minus cpu,p99_phy_us,6,-41.98400000000001,-41.47200000000001,-40.96000000000001,-41.47200000000001,-41.81333333333334,-41.13066666666668
gpu_minus_cpu,gpu minus cpu,p99_start_us,6,-8.933,-8.415,-7.686,-8.333499999999999,-8.683166666666667,-7.9623333333333335
gpu_minus_cpu,gpu minus cpu,sampled_power_median_w,6,27.929999999999993,28.179999999999993,28.179999999999993,28.096666666666664,28.013333333333332,28.179999999999993
gpu_minus_cpu,gpu minus cpu,sampled_sm_clock_median_mhz,6,315.0,315.0,315.0,315.0,315.0,315.0
gpu_minus_cpu,gpu minus cpu,skipped,6,-8,-2.5,0,-3.0,-5.666666666666667,-0.8333333333333334
keepalive_minus_cpu,cpu_keepalive minus cpu,executed,6,-11,0.5,5,0.0,-4.666666666666667,3.5
keepalive_minus_cpu,cpu_keepalive minus cpu,executed_late,6,-2,-0.5,3,-0.16666666666666666,-1.1666666666666667,1.1666666666666667
keepalive_minus_cpu,cpu_keepalive minus cpu,miss_percentage,6,-0.12,-0.03,0.28,-0.003333333333333327,-0.09000000000000001,0.12000000000000001
keepalive_minus_cpu,cpu_keepalive minus cpu,on_time,6,-14,1.5,6,0.16666666666666666,-6.0,4.5
keepalive_minus_cpu,cpu_keepalive minus cpu,p50_launch_to_start_us,6,-1.206999999999999,-0.9409999999999998,-0.7909999999999986,-0.9641666666666661,-1.0838333333333325,-0.8509999999999996
keepalive_minus_cpu,cpu_keepalive minus cpu,p50_phy_us,6,-40.95999999999998,-40.95999999999998,-40.95999999999998,-40.95999999999998,-40.95999999999998,-40.95999999999998
keepalive_minus_cpu,cpu_keepalive minus cpu,p50_start_us,6,-1.1449999999999996,-0.9184999999999999,-0.581999999999999,-0.9098333333333333,-1.0336666666666663,-0.7579999999999997
keepalive_minus_cpu,cpu_keepalive minus cpu,p99_completion_us,6,-43.36700000000002,-43.035,-41.631,-42.88100000000001,-43.24066666666668,-42.351000000000006
keepalive_minus_cpu,cpu_keepalive minus cpu,p99_launch_call_us,6,-0.08999999999999986,0.11050000000000004,3.2559999999999993,0.6011666666666665,0.0035000000000001328,1.683166666666666
keepalive_minus_cpu,cpu_keepalive minus cpu,p99_launch_error_us,6,0.0,0.0014999999999999979,2.285,0.38166666666666665,0.0004999999999999993,1.1431666666666667
keepalive_minus_cpu,cpu_keepalive minus cpu,p99_launch_to_start_us,6,-1.9900000000000002,-1.3195000000000006,1.5779999999999994,-0.8676666666666671,-1.6580000000000004,0.188166666666666
keepalive_minus_cpu,cpu_keepalive minus cpu,p99_phy_us,6,-43.00799999999998,-42.49599999999998,-41.98399999999998,-42.49599999999998,-42.83733333333331,-42.15466666666665
keepalive_minus_cpu,cpu_keepalive minus cpu,p99_start_us,6,-1.7249999999999996,-1.3390000000000004,2.1639999999999997,-0.7598333333333338,-1.5808333333333338,0.45883333333333276
keepalive_minus_cpu,cpu_keepalive minus cpu,sampled_power_median_w,6,27.989999999999995,28.082499999999996,28.179999999999993,28.092499999999998,28.039999999999996,28.14583333333333
keepalive_minus_cpu,cpu_keepalive minus cpu,sampled_sm_clock_median_mhz,6,315.0,315.0,315.0,315.0,315.0,315.0
keepalive_minus_cpu,cpu_keepalive minus cpu,skipped,6,-5,-0.5,11,0.0,-3.5,4.666666666666667
gpu_minus_keepalive,gpu minus cpu_keepalive,executed,6,0,0.0,11,3.0,0.0,6.666666666666667
gpu_minus_keepalive,gpu minus cpu_keepalive,executed_late,6,-3,0.0,0,-0.6666666666666666,-1.6666666666666667,0.0
gpu_minus_keepalive,gpu minus cpu_keepalive,miss_percentage,6,-0.28,0.0,0.0,-0.07333333333333335,-0.16666666666666666,0.0
gpu_minus_keepalive,gpu minus cpu_keepalive,on_time,6,0,0.0,14,3.6666666666666665,0.0,8.333333333333334
gpu_minus_keepalive,gpu minus cpu_keepalive,p50_launch_to_start_us,6,-6.2780000000000005,-6.1825,-6.082000000000001,-6.178,-6.226,-6.13
gpu_minus_keepalive,gpu minus cpu_keepalive,p50_phy_us,6,0.0,0.0,0.0,0.0,0.0,0.0
gpu_minus_keepalive,gpu minus cpu_keepalive,p50_start_us,6,-6.300000000000001,-5.979,-5.762999999999999,-5.9799999999999995,-6.1225,-5.856166666666666
gpu_minus_keepalive,gpu minus cpu_keepalive,p99_completion_us,6,-6.802999999999997,-5.733499999999992,-5.293999999999983,-5.846333333333329,-6.276833333333333,-5.508499999999988
gpu_minus_keepalive,gpu minus cpu_keepalive,p99_launch_call_us,6,-7.539999999999999,-4.4195,-4.354,-4.941833333333333,-5.992166666666666,-4.395666666666666
gpu_minus_keepalive,gpu minus cpu_keepalive,p99_launch_error_us,6,-1.332,0.9544999999999999,0.956,0.5738333333333333,-0.18866666666666673,0.9554999999999999
gpu_minus_keepalive,gpu minus cpu_keepalive,p99_launch_to_start_us,6,-10.187,-8.074,-8.006,-8.4365,-9.147166666666665,-8.033166666666666
gpu_minus_keepalive,gpu minus cpu_keepalive,p99_phy_us,6,1.0239999999999725,1.0239999999999725,1.0239999999999725,1.0239999999999725,1.0239999999999725,1.0239999999999725
gpu_minus_keepalive,gpu minus cpu_keepalive,p99_start_us,6,-9.85,-7.120999999999999,-7.041,-7.573666666666667,-8.491999999999999,-7.077333333333333
gpu_minus_keepalive,gpu minus cpu_keepalive,sampled_power_median_w,6,-0.23999999999999488,0.03249999999999886,0.18999999999999773,0.004166666666665246,-0.11833333333333229,0.11749999999999734
gpu_minus_keepalive,gpu minus cpu_keepalive,sampled_sm_clock_median_mhz,6,0.0,0.0,0.0,0.0,0.0,0.0
gpu_minus_keepalive,gpu minus cpu_keepalive,skipped,6,-11,0.0,0,-3.0,-6.666666666666667,0.0
