name,case_index,triplet_index,position,variant,mode,valid,miss_percentage,p99_start_us,p99_phy_us,p99_completion_us,executed,skipped,executed_late,on_time,p50_start_us,p50_phy_us,p50_launch_to_start_us,p99_launch_to_start_us,p99_launch_call_us,p99_launch_error_us,sampled_sm_clock_median_mhz,sampled_power_median_w,errors,warnings
t01_p1_gpu_alone,1,1,1,gpu,gpu,True,0.4,4.98,138.24,142.342,5000,0,20,4980,4.362,136.192,4.096,4.096,2.048,1.013,1410.0,80.99,,CPU real-time scheduling request was denied. | The receiver logged an nvlog configuration error.
t01_p2_cpu_alone,2,1,2,cpu,cpu,True,6.4,30.183,176.128,204.642,4969,31,289,4680,21.708,174.08,22.263,30.519,24.1,0.15,1095.0,49.75,,CPU real-time scheduling request was denied. | The receiver logged an nvlog configuration error. | Some deadline classifications are near the empirical clock-fit bound plus timer tick.
t01_p3_cpu_keepalive_alone,3,1,3,cpu_keepalive,cpu,True,1.82,42.165,137.216,236.515,4964,36,55,4909,20.37,135.168,20.58,42.052,37.53,0.167,1410.0,81.41,,CPU real-time scheduling request was denied. | The receiver logged an nvlog configuration error. | Continuous clock telemetry has insufficient replay-window coverage or long gaps.
t02_p1_cpu_alone,4,2,1,cpu,cpu,True,6.62,86.78,176.128,261.884,4972,28,303,4669,23.728,174.08,23.545,86.61,80.928,0.136,1095.0,49.72,,CPU real-time scheduling request was denied. | The receiver logged an nvlog configuration error. | Some deadline classifications are near the empirical clock-fit bound plus timer tick.
t02_p2_cpu_keepalive_alone,5,2,2,cpu_keepalive,cpu,True,1.66,73.429,137.216,209.793,4969,31,52,4917,24.814,135.168,24.818,53.958,50.079,0.177,1410.0,81.41,,CPU real-time scheduling request was denied. | The receiver logged an nvlog configuration error.
t02_p3_gpu_alone,6,2,3,gpu,gpu,True,0.0,4.952,138.24,141.89,5000,0,0,5000,4.328,136.192,4.096,4.096,2.048,1.014,1410.0,81.65,,CPU real-time scheduling request was denied. | The receiver logged an nvlog configuration error.
t03_p1_cpu_keepalive_alone,7,3,1,cpu_keepalive,cpu,True,0.86,26.511,137.216,162.969,4967,33,10,4957,20.011,135.168,20.176,26.389,21.689,0.116,1410.0,81.78,,CPU real-time scheduling request was denied. | The receiver logged an nvlog configuration error. | Some deadline classifications are near the empirical clock-fit bound plus timer tick.
t03_p2_cpu_alone,8,3,2,cpu,cpu,True,1.58,25.988,176.128,200.572,4978,22,57,4921,21.291,174.08,21.308,26.018,19.529,0.079,1095.0,50.14,,CPU real-time scheduling request was denied. | The receiver logged an nvlog configuration error. | Some deadline classifications are near the empirical clock-fit bound plus timer tick.
t03_p3_gpu_alone,9,3,3,gpu,gpu,True,0.66,5.041,139.264,143.233,5000,0,33,4967,4.433,136.192,4.096,4.096,2.048,1.013,1410.0,81.84,,CPU real-time scheduling request was denied. | The receiver logged an nvlog configuration error. | Some deadline classifications are near the empirical clock-fit bound plus timer tick.
t04_p1_cpu_keepalive_alone,10,4,1,cpu_keepalive,cpu,True,0.66,23.012,137.216,158.87,4973,27,6,4967,19.686,135.168,19.933,22.78,18.38,0.173,1410.0,81.78,,CPU real-time scheduling request was denied. | The receiver logged an nvlog configuration error. | Some deadline classifications are near the empirical clock-fit bound plus timer tick.
t04_p2_cpu_alone,11,4,2,cpu,cpu,True,4.84,34.969,176.128,209.088,4970,30,212,4758,23.517,174.08,23.644,29.766,23.659,0.152,1095.0,50.17,,CPU real-time scheduling request was denied. | The receiver logged an nvlog configuration error. | Some deadline classifications are near the empirical clock-fit bound plus timer tick.
t04_p3_gpu_alone,12,4,3,gpu,gpu,True,0.24,4.972,138.24,142.943,5000,0,12,4988,4.351,136.192,4.096,4.096,2.048,1.013,1410.0,81.84,,CPU real-time scheduling request was denied. | The receiver logged an nvlog configuration error. | Some deadline classifications are near the empirical clock-fit bound plus timer tick.
t05_p1_cpu_alone,13,5,1,cpu,cpu,True,0.92,22.798,176.128,197.336,4974,26,20,4954,18.191,174.08,18.437,22.864,17.069,0.163,1095.0,50.17,,CPU real-time scheduling request was denied. | The receiver logged an nvlog configuration error. | Some deadline classifications are near the empirical clock-fit bound plus timer tick.
t05_p2_cpu_keepalive_alone,14,5,2,cpu_keepalive,cpu,True,0.72,22.907,137.216,158.983,4972,28,8,4964,19.945,135.168,19.536,22.467,18.4,0.175,1410.0,81.78,,CPU real-time scheduling request was denied. | The receiver logged an nvlog configuration error.
t05_p3_gpu_alone,15,5,3,gpu,gpu,True,0.08,5.119,138.24,142.197,5000,0,4,4996,4.504,136.192,4.096,4.096,2.048,1.013,1410.0,82.31,,CPU real-time scheduling request was denied. | The receiver logged an nvlog configuration error.
t06_p1_gpu_alone,16,6,1,gpu,gpu,True,0.66,4.463,138.24,141.773,5000,0,33,4967,3.704,136.192,4.096,4.096,2.048,1.014,1410.0,82.075,,CPU real-time scheduling request was denied. | The receiver logged an nvlog configuration error.
t06_p2_cpu_keepalive_alone,17,6,2,cpu_keepalive,cpu,True,0.88,27.31,137.216,163.767,4968,32,12,4956,22.303,135.168,22.655,27.649,23.149,0.159,1410.0,82.31,,CPU real-time scheduling request was denied. | The receiver logged an nvlog configuration error. | Some deadline classifications are near the empirical clock-fit bound plus timer tick.
t06_p3_cpu_alone,18,6,3,cpu,cpu,True,2.18,28.184,176.128,202.346,4976,24,85,4891,20.871,174.08,20.901,27.686,21.15,0.079,1095.0,50.435,,CPU real-time scheduling request was denied. | The receiver logged an nvlog configuration error. | Some deadline classifications are near the empirical clock-fit bound plus timer tick.
t07_p1_cpu_alone,19,7,1,cpu,cpu,True,7.48,31.399,177.152,206.004,4971,29,345,4626,21.729,174.08,21.83,29.369,23.43,0.159,1095.0,50.17,,CPU real-time scheduling request was denied. | The receiver logged an nvlog configuration error. | Some deadline classifications are near the empirical clock-fit bound plus timer tick.
t07_p2_gpu_alone,20,7,2,gpu,gpu,True,0.04,4.872,138.24,141.891,5000,0,2,4998,4.232,136.192,4.096,4.096,2.048,1.013,1410.0,82.31,,CPU real-time scheduling request was denied. | The receiver logged an nvlog configuration error.
t07_p3_cpu_keepalive_alone,21,7,3,cpu_keepalive,cpu,True,1.54,42.779,137.216,192.041,4972,28,49,4923,25.441,135.168,25.75,42.986,40.069,0.169,1410.0,82.075,,CPU real-time scheduling request was denied. | The receiver logged an nvlog configuration error.
t08_p1_gpu_alone,22,8,1,gpu,gpu,True,0.0,4.897,138.24,141.966,5000,0,0,5000,4.26,136.192,4.096,4.096,2.048,1.013,1410.0,82.36,,CPU real-time scheduling request was denied. | The receiver logged an nvlog configuration error. | Continuous clock telemetry has insufficient replay-window coverage or long gaps.
t08_p2_cpu_alone,23,8,2,cpu,cpu,True,17.64,68.233,176.128,242.313,4970,30,852,4118,21.951,174.08,21.603,39.292,32.449,6.379,1095.0,50.66,,CPU real-time scheduling request was denied. | The receiver logged an nvlog configuration error. | Some deadline classifications are near the empirical clock-fit bound plus timer tick.
t08_p3_cpu_keepalive_alone,24,8,3,cpu_keepalive,cpu,True,0.62,22.189,137.216,158.086,4976,24,7,4969,19.432,135.168,19.453,22.081,17.76,0.168,1410.0,82.31,,CPU real-time scheduling request was denied. | The receiver logged an nvlog configuration error.
t09_p1_cpu_keepalive_alone,25,9,1,cpu_keepalive,cpu,True,1.42,30.646,137.216,166.367,4949,51,20,4929,19.76,135.168,19.849,28.334,24.169,0.095,1410.0,82.33500000000001,,CPU real-time scheduling request was denied. | The receiver logged an nvlog configuration error. | Some deadline classifications are near the empirical clock-fit bound plus timer tick.
t09_p2_gpu_alone,26,9,2,gpu,gpu,True,0.32,4.966,138.24,142.105,5000,0,16,4984,4.34,136.192,4.096,4.096,2.048,1.014,1410.0,82.31,,CPU real-time scheduling request was denied. | The receiver logged an nvlog configuration error.
t09_p3_cpu_alone,27,9,3,cpu,cpu,True,5.2,37.919,177.152,211.999,4972,28,232,4740,21.306,174.08,21.787,33.46,27.329,0.167,1095.0,50.7,,CPU real-time scheduling request was denied. | The receiver logged an nvlog configuration error. | Some deadline classifications are near the empirical clock-fit bound plus timer tick.
t10_p1_cpu_keepalive_alone,28,10,1,cpu_keepalive,cpu,True,1.04,19.946,138.24,155.952,4974,26,26,4948,14.456,135.168,14.625,19.794,15.43,0.156,1410.0,82.33500000000001,,CPU real-time scheduling request was denied. | The receiver logged an nvlog configuration error.
t10_p2_gpu_alone,29,10,2,gpu,gpu,True,0.1,5.02,138.24,142.163,5000,0,5,4995,4.404,136.192,4.096,4.096,2.048,1.013,1410.0,82.36,,CPU real-time scheduling request was denied. | The receiver logged an nvlog configuration error. | Some deadline classifications are near the empirical clock-fit bound plus timer tick.
t10_p3_cpu_alone,30,10,3,cpu,cpu,True,7.0,45.537,176.128,221.03,4971,29,321,4650,23.56,174.08,23.431,37.826,31.789,0.144,1095.0,50.7,,CPU real-time scheduling request was denied. | The receiver logged an nvlog configuration error. | Some deadline classifications are near the empirical clock-fit bound plus timer tick.
t11_p1_gpu_alone,31,11,1,gpu,gpu,True,0.12,4.922,138.24,141.984,5000,0,6,4994,4.287,136.192,4.096,4.096,2.048,1.014,1410.0,82.73,,CPU real-time scheduling request was denied. | The receiver logged an nvlog configuration error.
t11_p2_cpu_keepalive_alone,32,11,2,cpu_keepalive,cpu,True,0.18,32.721,137.216,168.103,5000,0,9,4991,25.568,135.168,25.337,31.485,27.359,0.169,1410.0,82.79,,CPU real-time scheduling request was denied. | The receiver logged an nvlog configuration error. | Some deadline classifications are near the empirical clock-fit bound plus timer tick.
t11_p3_cpu_alone,33,11,3,cpu,cpu,True,11.88,31.194,176.128,206.234,4973,27,567,4406,18.368,174.08,18.097,28.428,22.639,8.612,1095.0,50.7,,CPU real-time scheduling request was denied. | The receiver logged an nvlog configuration error. | Some deadline classifications are near the empirical clock-fit bound plus timer tick.
t12_p1_cpu_alone,34,12,1,cpu,cpu,True,0.7,21.348,176.128,195.843,4975,25,10,4965,18.123,174.08,18.256,21.365,15.539,0.146,1095.0,50.7,,CPU real-time scheduling request was denied. | The receiver logged an nvlog configuration error. | Some deadline classifications are near the empirical clock-fit bound plus timer tick.
t12_p2_gpu_alone,35,12,2,gpu,gpu,True,0.0,5.126,137.216,142.15,5000,0,0,5000,4.52,136.192,4.096,4.096,2.048,1.013,1410.0,82.79,,CPU real-time scheduling request was denied. | The receiver logged an nvlog configuration error.
t12_p3_cpu_keepalive_alone,36,12,3,cpu_keepalive,cpu,True,0.78,30.653,137.216,168.163,4971,29,10,4961,25.548,135.168,25.904,30.51,26.079,0.17,1410.0,82.36,,CPU real-time scheduling request was denied. | The receiver logged an nvlog configuration error.
