variant,metric,n_trials,min,median,max,mean
cpu,executed,12,4969,4972.0,4978,4972.583333333333
cpu,executed_late,12,10,260.5,852,274.4166666666667
cpu,miss_percentage,12,0.7,5.800000000000001,17.64,6.036666666666666
cpu,on_time,12,4118,4710.0,4965,4698.166666666667
cpu,p50_launch_to_start_us,12,18.097,21.695,23.644,21.2585
cpu,p50_phy_us,12,174.08,174.08,174.08,174.08
cpu,p50_start_us,12,18.123,21.506999999999998,23.728,21.195249999999998
cpu,p99_completion_us,12,195.843,206.119,261.884,213.27425000000002
cpu,p99_launch_call_us,12,15.539,23.5445,80.928,28.300833333333333
cpu,p99_launch_error_us,12,0.079,0.151,8.612,1.3638333333333332
cpu,p99_launch_to_start_us,12,21.365,29.5675,86.61,34.43358333333333
cpu,p99_phy_us,12,176.128,176.128,177.152,176.29866666666666
cpu,p99_start_us,12,21.348,31.2965,86.78,38.711
cpu,sampled_power_median_w,12,49.72,50.3025,50.7,50.334583333333335
cpu,sampled_sm_clock_median_mhz,12,1095.0,1095.0,1095.0,1095.0
cpu,skipped,12,22,28.0,31,27.416666666666668
gpu,executed,12,5000,5000.0,5000,5000.0
gpu,executed_late,12,0,5.5,33,10.916666666666666
gpu,miss_percentage,12,0.0,0.11,0.66,0.21833333333333335
gpu,on_time,12,4967,4994.5,5000,4989.083333333333
gpu,p50_launch_to_start_us,12,4.096,4.096,4.096,4.096
gpu,p50_phy_us,12,136.192,136.192,136.192,136.192
gpu,p50_start_us,12,3.704,4.3454999999999995,4.52,4.310416666666667
gpu,p99_completion_us,12,141.773,142.1275,143.233,142.21975
gpu,p99_launch_call_us,12,2.048,2.048,2.048,2.048
gpu,p99_launch_error_us,12,1.013,1.013,1.014,1.0133333333333334
gpu,p99_launch_to_start_us,12,4.096,4.096,4.096,4.096
gpu,p99_phy_us,12,137.216,138.24,139.264,138.24
gpu,p99_start_us,12,4.463,4.969,5.126,4.944166666666667
gpu,sampled_power_median_w,12,80.99,82.31,82.79,82.13041666666668
gpu,sampled_sm_clock_median_mhz,12,1410.0,1410.0,1410.0,1410.0
gpu,skipped,12,0,0.0,0,0.0
cpu_keepalive,executed,12,4949,4971.5,5000,4971.25
cpu_keepalive,executed_late,12,6,11.0,55,22.0
cpu_keepalive,miss_percentage,12,0.18,0.87,1.82,1.015
cpu_keepalive,on_time,12,4909,4956.5,4991,4949.25
cpu_keepalive,p50_launch_to_start_us,12,14.625,20.378,25.904,21.551333333333332
cpu_keepalive,p50_phy_us,12,135.168,135.168,135.168,135.168
cpu_keepalive,p50_start_us,12,14.456,20.1905,25.568,21.4445
cpu_keepalive,p99_completion_us,12,155.952,165.067,236.515,174.96741666666665
cpu_keepalive,p99_launch_call_us,12,15.43,23.659,50.079,26.67441666666667
cpu_keepalive,p99_launch_error_us,12,0.095,0.1685,0.177,0.15783333333333335
cpu_keepalive,p99_launch_to_start_us,12,19.794,27.991500000000002,53.958,30.87375
cpu_keepalive,p99_phy_us,12,137.216,137.216,138.24,137.30133333333333
cpu_keepalive,p99_start_us,12,19.946,28.978,73.429,32.85566666666667
cpu_keepalive,sampled_power_median_w,12,81.41,82.1925,82.79,82.05625
cpu_keepalive,sampled_sm_clock_median_mhz,12,1410.0,1410.0,1410.0,1410.0
cpu_keepalive,skipped,12,0,28.5,51,28.75
