triplet_index,contrast,executed,executed_late,miss_percentage,on_time,p50_launch_to_start_us,p50_phy_us,p50_start_us,p99_completion_us,p99_launch_call_us,p99_launch_error_us,p99_launch_to_start_us,p99_phy_us,p99_start_us,sampled_power_median_w,sampled_sm_clock_median_mhz,skipped
1,gpu_minus_cpu,31,-269,-6.0,300,-18.167,-37.888000000000005,-17.345999999999997,-62.29999999999998,-22.052,0.8629999999999999,-26.423,-37.88799999999998,-25.203,31.239999999999995,315.0,-31
1,keepalive_minus_cpu,-5,-234,-4.58,229,-1.6830000000000034,-38.912000000000006,-1.3379999999999974,31.87299999999999,13.43,0.017000000000000015,11.533000000000001,-38.91199999999998,11.982,31.659999999999997,315.0,5
1,gpu_minus_keepalive,36,-35,-1.42,71,-16.483999999999998,1.024000000000001,-16.008000000000003,-94.17299999999997,-35.482,0.8459999999999999,-37.956,1.024000000000001,-37.185,-0.4200000000000017,0.0,-36
2,gpu_minus_cpu,28,-303,-6.62,331,-19.449,-37.888000000000005,-19.400000000000002,-119.99400000000003,-78.88,0.878,-82.514,-37.88799999999998,-81.828,31.930000000000007,315.0,-28
2,keepalive_minus_cpu,-3,-251,-4.96,248,1.2729999999999997,-38.912000000000006,1.0859999999999985,-52.09100000000001,-30.848999999999997,0.04099999999999998,-32.652,-38.91199999999998,-13.350999999999999,31.689999999999998,315.0,3
2,gpu_minus_keepalive,31,-52,-1.66,83,-20.722,1.024000000000001,-20.486,-67.90300000000002,-48.031,0.837,-49.861999999999995,1.024000000000001,-68.477,0.2400000000000091,0.0,-31
3,gpu_minus_cpu,22,-24,-0.92,46,-17.212,-37.888000000000005,-16.858,-57.339,-17.481,0.9339999999999999,-21.922,-36.863999999999976,-20.947,31.700000000000003,315.0,-22
3,keepalive_minus_cpu,-11,-47,-0.7200000000000001,36,-1.1320000000000014,-38.912000000000006,-1.2800000000000011,-37.60300000000001,2.16,0.037000000000000005,0.37099999999999866,-38.91199999999998,0.5229999999999997,31.64,315.0,11
3,gpu_minus_keepalive,33,23,-0.19999999999999996,10,-16.08,1.024000000000001,-15.578,-19.73599999999999,-19.641,0.8969999999999999,-22.293,2.048000000000002,-21.47,0.060000000000002274,0.0,-33
4,gpu_minus_cpu,30,-200,-4.6,230,-19.548,-37.888000000000005,-19.166,-66.14499999999998,-21.610999999999997,0.8609999999999999,-25.669999999999998,-37.88799999999998,-29.997,31.67,315.0,-30
4,keepalive_minus_cpu,3,-206,-4.18,209,-3.7109999999999985,-38.912000000000006,-3.8309999999999995,-50.21799999999999,-5.279,0.02099999999999999,-6.985999999999997,-38.91199999999998,-11.957,31.61,315.0,-3
4,gpu_minus_keepalive,27,6,-0.42000000000000004,21,-15.837,1.024000000000001,-15.335,-15.926999999999992,-16.332,0.8399999999999999,-18.684,1.024000000000001,-18.04,0.060000000000002274,0.0,-27
5,gpu_minus_cpu,26,-16,-0.8400000000000001,42,-14.341000000000001,-37.888000000000005,-13.687,-55.13900000000001,-15.020999999999999,0.8499999999999999,-18.768,-37.88799999999998,-17.679,32.14,315.0,-26
5,keepalive_minus_cpu,-2,-12,-0.20000000000000007,10,1.0990000000000002,-38.912000000000006,1.7540000000000013,-38.35300000000001,1.3309999999999995,0.011999999999999983,-0.397000000000002,-38.91199999999998,0.10900000000000176,31.61,315.0,2
5,gpu_minus_keepalive,28,-4,-0.64,32,-15.440000000000001,1.024000000000001,-15.441,-16.786,-16.351999999999997,0.8379999999999999,-18.371,1.024000000000001,-17.788,0.5300000000000011,0.0,-28
6,gpu_minus_cpu,24,-52,-1.52,76,-16.805,-37.888000000000005,-17.166999999999998,-60.57300000000001,-19.101999999999997,0.935,-23.59,-37.88799999999998,-23.721,31.64,315.0,-24
6,keepalive_minus_cpu,-8,-73,-1.3000000000000003,65,1.7540000000000013,-38.912000000000006,1.4320000000000022,-38.57900000000001,1.9990000000000023,0.08,-0.036999999999999034,-38.91199999999998,-0.8740000000000023,31.875,315.0,8
6,gpu_minus_keepalive,32,21,-0.21999999999999997,11,-18.559,1.024000000000001,-18.599,-21.994,-21.101,0.855,-23.553,1.024000000000001,-22.846999999999998,-0.23499999999999943,0.0,-32
7,gpu_minus_cpu,29,-343,-7.44,372,-17.733999999999998,-37.888000000000005,-17.497,-64.113,-21.381999999999998,0.8539999999999999,-25.273,-38.91199999999998,-26.527,32.14,315.0,-29
7,keepalive_minus_cpu,1,-296,-5.94,297,3.9200000000000017,-38.912000000000006,3.7119999999999997,-13.962999999999994,16.639000000000003,0.010000000000000009,13.616999999999997,-39.93599999999998,11.380000000000003,31.905,315.0,-1
7,gpu_minus_keepalive,28,-47,-1.5,75,-21.654,1.024000000000001,-21.209,-50.150000000000006,-38.021,0.8439999999999999,-38.89,1.024000000000001,-37.907000000000004,0.23499999999999943,0.0,-28
8,gpu_minus_cpu,30,-852,-17.64,882,-17.507,-37.888000000000005,-17.691000000000003,-100.34699999999998,-30.400999999999996,-5.366,-35.196,-37.88799999999998,-63.336000000000006,31.700000000000003,315.0,-30
8,keepalive_minus_cpu,6,-845,-17.02,851,-2.150000000000002,-38.912000000000006,-2.519000000000002,-84.22699999999998,-14.688999999999997,-6.210999999999999,-17.211000000000002,-38.91199999999998,-46.044000000000004,31.650000000000006,315.0,-6
8,gpu_minus_keepalive,24,-7,-0.62,31,-15.357,1.024000000000001,-15.171999999999999,-16.120000000000005,-15.712000000000002,0.8449999999999999,-17.985,1.024000000000001,-17.292,0.04999999999999716,0.0,-24
9,gpu_minus_cpu,28,-216,-4.88,244,-17.691,-37.888000000000005,-16.966,-69.894,-25.281,0.847,-29.364,-38.91199999999998,-32.952999999999996,31.61,315.0,-28
9,keepalive_minus_cpu,-23,-212,-3.7800000000000002,189,-1.9379999999999988,-38.912000000000006,-1.5459999999999994,-45.632000000000005,-3.16,-0.07200000000000001,-5.126000000000001,-39.93599999999998,-7.272999999999996,31.635000000000005,315.0,23
9,gpu_minus_keepalive,51,-4,-1.0999999999999999,55,-15.753,1.024000000000001,-15.420000000000002,-24.262,-22.121000000000002,0.919,-24.238,1.024000000000001,-25.68,-0.025000000000005684,0.0,-51
10,gpu_minus_cpu,29,-316,-6.9,345,-19.335,-37.888000000000005,-19.156,-78.86699999999999,-29.741,0.8689999999999999,-33.730000000000004,-37.88799999999998,-40.516999999999996,31.659999999999997,315.0,-29
10,keepalive_minus_cpu,3,-295,-5.96,298,-8.806000000000001,-38.912000000000006,-9.104,-65.078,-16.359,0.01200000000000001,-18.032,-37.88799999999998,-25.590999999999998,31.635000000000005,315.0,-3
10,gpu_minus_keepalive,26,-21,-0.9400000000000001,47,-10.529,1.024000000000001,-10.052,-13.788999999999987,-13.382,0.8569999999999999,-15.698,0.0,-14.926000000000002,0.024999999999991473,0.0,-26
11,gpu_minus_cpu,27,-561,-11.760000000000002,588,-14.001000000000001,-37.888000000000005,-14.081,-64.25,-20.591,-7.598,-24.332,-37.88799999999998,-26.272,32.03,315.0,-27
11,keepalive_minus_cpu,27,-558,-11.700000000000001,585,7.239999999999998,-38.912000000000006,7.200000000000003,-38.131,4.720000000000002,-8.443,3.0569999999999986,-38.91199999999998,1.5269999999999975,32.09,315.0,-27
11,gpu_minus_keepalive,0,-3,-0.06,3,-21.241,1.024000000000001,-21.281000000000002,-26.119,-25.311,0.845,-27.389,1.024000000000001,-27.798999999999996,-0.060000000000002274,0.0,0
12,gpu_minus_cpu,25,-10,-0.7,35,-14.16,-37.888000000000005,-13.603000000000002,-53.692999999999984,-13.491,0.8669999999999999,-17.269,-38.91199999999998,-16.221999999999998,32.09,315.0,-25
12,keepalive_minus_cpu,-4,0,0.08000000000000007,-4,7.648,-38.912000000000006,7.424999999999997,-27.67999999999998,10.540000000000001,0.02400000000000002,9.145000000000003,-38.91199999999998,9.305,31.659999999999997,315.0,4
12,gpu_minus_keepalive,29,-10,-0.78,39,-21.808,1.024000000000001,-21.028,-26.013000000000005,-24.031,0.8429999999999999,-26.414,0.0,-25.526999999999997,0.4300000000000068,0.0,-29
